Price,Close,High,Low,Open,Volume
Ticker,NVDA,NVDA,NVDA,NVDA,NVDA
Date,,,,,
2021-08-12,19.86280632019043,19.98654211141926,19.578410611818086,19.827880665008244,151652000
2021-08-13,20.145212173461914,20.171158042131175,19.80892653629729,19.862812938422,183063000
2021-08-16,19.907712936401367,20.243998494127112,19.411764778109987,20.092320260738425,210876000
2021-08-17,19.4167537689209,19.728092675893155,19.226158659521744,19.643271866314734,204585000
2021-08-18,18.999643325805664,19.592384133770697,18.95972719706717,19.458667386463677,285913000
2021-08-19,19.75603675842285,20.45155990899835,18.722231447306218,19.452680260084392,766555000
2021-08-20,20.771879196166992,20.820775124491654,19.89075134742473,19.94862707294035,675741000
2021-08-23,21.911455154418945,21.950372043387453,20.90559242072421,20.92654781503845,575807000
2021-08-24,21.74680519104004,21.912453690418516,21.48935264580462,21.706890967760486,297299000
2021-08-25,22.165916442871094,22.42237167258501,21.675957948050588,21.690925544839043,347701000
2021-08-26,22.021221160888672,22.29264393720181,21.743810585645047,22.152941317526732,237940000
2021-08-27,22.588014602661133,22.673832736546746,22.120008952518816,22.136973112897675,304722000
2021-08-30,22.63990592956543,22.994152947309,22.503197208707782,22.78160511732395,262580000
2021-08-31,22.34148597717285,22.65088283446423,22.077001720427074,22.65088283446423,259850000
2021-09-01,22.397382736206055,22.652885681890442,22.313546367552515,22.44129784039471,201767000
2021-09-02,22.352468490600586,22.549086081510215,22.251664973231776,22.47423109860129,187834000
2021-09-03,22.79859733581543,22.94131901681203,22.156847573467232,22.28160459380513,280532000
2021-09-07,22.617952346801758,22.854491200701247,22.478223171429327,22.78861950065067,198107000
2021-09-08,22.29557991027832,22.56605307042953,21.934282121082095,22.4692414895632,254434000
2021-09-09,22.133893966674805,22.49419234140638,22.08798385031387,22.268631791690794,196856000
2021-09-10,22.434310913085938,22.582022062631296,22.226715012884625,22.304562523639426,248376000
2021-09-13,22.108943939208984,22.919365941953245,21.815514757900516,22.639909488152735,297500000
2021-09-14,22.19877052307129,22.366443263462823,22.043073591147092,22.23170542408757,199755000
2021-09-15,22.29757308959961,22.32352352537234,21.923302015919656,22.265635702498738,166538000
2021-09-16,22.19877052307129,22.23370234398619,21.884382231195694,22.139885181580244,156033000
2021-09-17,21.857431411743164,22.277612619303632,21.78756777908955,22.25665352950755,294503000
2021-09-20,21.07196617126465,21.391343922715027,20.621842510335245,21.10490107385771,349440000
2021-09-21,21.204702377319336,21.383353386838237,20.90927821334788,21.37536951592151,204688000
2021-09-22,21.898351669311523,21.917313839112754,21.15479894232502,21.324468577122136,268726000
2021-09-23,22.43829917907715,22.491195653560954,21.84744896661056,22.096963009275886,248555000
2021-09-24,22.03807830810547,22.105946921559507,21.818506629612553,22.02710000972699,217655000
2021-09-27,21.617900848388672,21.756630623072077,21.283552877777023,21.667802905493215,245215000
2021-09-28,20.658771514892578,21.377373434627078,20.61086446642471,21.17277192217862,343069000
2021-09-29,20.47711944580078,20.976147550490115,20.42721549314716,20.8992975574088,218394000
2021-09-30,20.675731658935547,21.02505170654987,20.64778620741769,20.7276306265603,221009000
2021-10-01,20.701684951782227,20.818456217323668,20.16373112853372,20.709668823706075,240978000
2021-10-04,19.693645477294922,20.502070474018467,19.51698948251553,20.464144231451307,345635000
2021-10-05,20.41124725341797,20.607864824431687,19.81540758911731,19.911221652962613,279282000
2021-10-06,20.659770965576172,20.679730649440433,20.040975078381813,20.08089825339386,297202000
2021-10-07,21.034034729003906,21.28055434626455,20.931234302967336,21.050999978380556,256919000
2021-10-08,20.790512084960938,21.16478323209781,20.73462117065461,21.059987767773446,151258000
2021-10-11,20.65477180480957,21.022056499981833,20.47112945722344,20.53500613235486,163388000
2021-10-12,20.63081932067871,21.01606869560909,20.48809763377739,20.78751373351945,162134000
2021-10-13,20.89829444885254,20.949195900462307,20.67273395295553,20.87733536353807,180652000
2021-10-14,21.703733444213867,21.712714824312044,21.080945740229247,21.24662345805557,243589000
2021-10-15,21.819507598876953,21.888373731205963,21.61989746957513,21.76760862260302,226994000
2021-10-18,22.17880630493164,22.247672430455058,21.601928766992366,21.706726120933922,189494000
2021-10-19,22.246675491333008,22.33550129753656,21.994166992503782,22.232700860627702,161473000
2021-10-20,22.060035705566406,22.389394158659385,21.93927062215881,22.261642712665587,146276000
2021-10-21,22.64789390563965,22.666857981223846,22.040078340757763,22.05405106860237,187590000
2021-10-22,22.681825637817383,23.085039683275443,22.51714735032451,22.778637213629022,249384000
2021-10-25,23.120969772338867,23.309601567504238,22.725739617442876,22.92834413817605,230235000
2021-10-26,24.668956756591797,25.209904995015314,23.877498837400612,23.942373030271778,485898000
2021-10-27,24.403472900390625,25.0412307654121,24.234800774457163,24.426428909268584,245990000
2021-10-28,24.89252281188965,24.901506095509454,24.47533599861402,24.829645537475113,234204000
2021-10-29,25.517303466796875,25.659027651645317,24.95140613904122,24.952403647038114,292503000
2021-11-01,25.77680015563965,25.843669365378815,25.177965984908347,25.5991466338334,265740000
2021-11-02,26.349681854248047,26.62614385904909,25.749850221733695,25.77180872302394,294112000
2021-11-03,26.54629898071289,26.731938260478383,26.184005607511537,26.618159531297064,239910000
2021-11-04,29.74307632446289,31.30403555183797,27.065290714006657,27.176075023978193,1153631000
2021-11-05,29.694171905517578,31.33896750341172,29.352835690783756,30.128325863886573,851260000
2021-11-08,30.744125366210938,31.03954954207443,29.848867652105472,30.090397841649885,503101000
2021-11-09,30.597414016723633,32.24720299393067,29.905762057421065,32.219257537136286,646746000
2021-11-10,29.401742935180664,30.790040124982102,28.722066774767786,29.298944390652164,636206000
2021-11-11,30.330928802490234,30.53054081377664,29.719121357342374,30.408778210275596,332172000
2021-11-12,30.330928802490234,30.620366028491397,29.572405824699615,29.951668265415538,413054000
2021-11-15,29.966642379760742,30.584438760179847,29.190154639223756,30.49261851757619,384909000
2021-11-16,30.144290924072266,30.330927710065502,29.648257245005713,29.701155625385343,264484000
2021-11-17,29.204120635986328,30.44969580557867,28.74401630996914,30.358871188398457,428508000
2021-11-18,31.613431930541992,32.69632208138197,31.26011991579018,32.304088216967905,781711000
2021-11-19,32.920894622802734,33.02369508305405,31.842993667123984,32.18033611297184,533867000
2021-11-22,31.893884658813477,34.57965399197314,31.83799375290327,33.4518493719841,754335000
2021-11-23,31.68429183959961,32.29709865509112,30.819974059128263,31.47370154357631,532163000
2021-11-24,32.61048889160156,32.79113682471123,30.867882432908655,31.399847345189094,435162000
2021-11-26,31.441768646240234,32.64642145713921,31.28906615044119,32.53663465229077,283069000
2021-11-29,33.31112289428711,33.34705221663582,31.973727445585286,32.30308781622663,454964000
2021-11-30,32.61248779296875,33.28817388731255,31.80206767100546,33.1045296011115,622066000
2021-12-01,31.377742767333984,33.22836782857116,31.322842641447224,33.158495633396925,484368000
2021-12-02,32.067481994628906,32.41884201521568,30.96848763188964,31.157144450095895,472890000
2021-12-03,30.63709259033203,32.07047769659645,30.075116481664228,31.941711059402788,544325000
2021-12-06,29.98228645324707,30.185913423266676,27.986927203635197,29.82557094555036,658938000
2021-12-07,32.36793518066406,32.38989827762411,30.595170939341617,30.90061524712522,593053000
2021-12-08,31.768030166625977,32.231185706011715,31.363767175848032,31.940715387711048,475551000
2021-12-09,30.434459686279297,32.14633772651681,30.372572350307234,31.676193118374396,488507000
2021-12-10,30.14299201965332,31.247975885971826,29.806605997188164,31.093257544767813,488825000
2021-12-13,28.10970115661621,30.238817003977385,28.064783052565364,30.193898899926538,598344000
2021-12-14,28.285381317138672,28.625759756771775,27.200361499006277,27.648543008228852,667035000
2021-12-15,30.403522491455078,30.444448180783013,27.78729601577655,28.34827267936401,698297000
2021-12-16,28.33529281616211,31.103242571601943,28.04182961030161,31.095257722209322,707366000
2021-12-17,27.750356674194336,28.86931488473309,27.709430996637,27.934021504315233,713758000
2021-12-20,27.668508529663086,28.09273361260145,27.095554688998547,27.255263089907647,461847000
2021-12-21,29.022037506103516,29.066955609894077,27.351085187419102,28.322314240146227,524385000
2021-12-22,29.346445083618164,29.501163423672104,28.39717719566868,28.838373396379197,395184000
2021-12-23,29.58601188659668,30.004249327388557,29.37739293325969,29.700802192444193,343022000
2021-12-27,30.888633728027344,31.030375274637034,29.58601046614117,29.60597449329733,403686000
2021-12-28,30.26677131652832,31.27293474343665,29.95733458684706,31.254967879362315,420591000
2021-12-29,29.946352005004883,30.492356516503865,29.31250844227248,30.217857815509355,343139000
2021-12-30,29.5321044921875,30.40151810639133,29.48618876120075,29.772664692766703,308864000
2021-12-31,29.3574275970459,29.975301483704296,29.2775733920199,29.619949033820216,266530000
2022-01-03,30.066131591796875,30.655056994544072,29.730743210865995,29.760689247977854,391547000
2022-01-04,29.236648559570312,30.41250230504059,28.29736262619722,30.22185023080997,527154000
2022-01-05,27.55372428894043,29.362424325667895,27.482854455815364,28.896273923995846,498064000
2022-01-06,28.126676559448242,28.386203228261643,27.015704794741346,27.589656357033327,454186000
2022-01-07,27.197368621826172,28.37022947108677,27.00771417868362,28.089741182817168,409939000
2022-01-10,27.3500919342041,27.418966497963304,25.597289879667642,26.53258345671372,594681000
2022-01-11,27.76633071899414,28.013880083162555,26.79011341199353,27.273231058770712,404089000
2022-01-12,27.947998046875,28.542911149717273,27.557709539495665,28.015873067370816,383413000
2022-01-13,26.526594161987305,28.428122969014137,26.449732849381693,28.327307108956052,540171000
2022-01-14,26.89292335510254,27.147459927146087,26.16225637616331,26.252092589369937,395832000
2022-01-18,25.855815887451172,26.589477646628584,25.72305873433547,26.212165939162322,424270000
2022-01-19,25.021339416503906,26.494650686731937,25.006367348530603,26.031497074855327,488315000
2022-01-20,24.10601234436035,25.53241038918925,24.034142983923402,25.25791166025765,435181000
2022-01-21,23.331424713134766,24.777784759787487,23.220626839158037,23.464181874321053,718958000
2022-01-24,23.329425811767578,23.33741066036297,20.849951358719302,22.28932407918508,913982000
2022-01-25,22.283336639404297,22.90121052799981,21.959927393616226,22.50493239222421,664616000
2022-01-26,22.730520248413086,24.013179473462507,22.259379872780205,23.197668199419752,755959000
2022-01-27,21.904029846191406,23.951294599638725,21.635518817109055,23.52507232279984,573353000
2022-01-28,22.79839515686035,22.816362018022183,21.25720705922735,21.971902408548047,543774000
2022-01-31,24.44139862060547,24.46435744178253,23.010010647578866,23.1397730138584,564680000
2022-02-01,24.593122482299805,25.099198953640652,23.846483864270663,25.05827326941054,518925000
2022-02-02,25.196022033691406,25.769973523352174,24.508275972398696,25.74701660609037,543419000
2022-02-03,23.904375076293945,25.031318143875318,23.736681844608352,24.413446263177633,410178000
2022-02-04,24.274703979492188,24.59012838058224,23.58895505339578,23.928335906810663,354829000
2022-02-07,24.682958602905273,25.13613021047086,24.15791573679818,24.32760615805768,376868000
2022-02-08,25.062265396118164,25.18404291329778,23.936319797452178,24.314629156787657,410359000
2022-02-09,26.65635871887207,26.67632274726425,25.306822003877873,25.575331141416935,524282000
2022-02-10,25.776958465576172,26.875952718907413,25.5533674782568,25.94764840407354,513200000
2022-02-11,23.90537452697754,26.104362619629715,23.72969643389119,25.868792450202136,605472000
2022-02-14,24.222797393798828,24.829689712177974,23.71172897587469,23.890403776889993,440424000
2022-02-15,26.446741104125977,26.49664926929146,24.738857190230586,24.903555658376252,699869000
2022-02-16,26.462709426879883,26.533581150068464,25.505456627808513,26.211169545948387,732676000
2022-02-17,24.462358474731445,25.738030371883664,24.12098239988401,25.583312031602375,810595000
2022-02-18,23.59893798828125,24.940489851461738,23.057925385234288,24.62306827367426,761255000
2022-02-22,23.347396850585938,24.02016901391986,22.958107805728666,22.993043904427417,633422000
2022-02-23,22.346220016479492,24.11100106367805,22.260378132245002,23.758643432316834,566511000
2022-02-24,23.704742431640625,23.75664775981727,20.851948450060917,20.97672076372356,735801000
2022-02-25,24.11299705505371,24.17288723058244,23.338411486075866,23.677792320529242,528866000
2022-02-28,24.34058380126953,24.620074476427934,23.663819257250537,23.948299987378526,477319000
2022-03-01,23.434236526489258,24.332598722507477,23.089865620598573,24.2467549276186,412056000
2022-03-02,24.18000030517578,24.3686892557631,23.376331351543982,23.716767798485705,389642000
2022-03-03,23.674837112426758,24.285825909085712,23.43024089122513,24.221930523277734,365095000
2022-03-04,22.89812469482422,23.640895547693273,22.44487395060943,23.345384829396824,431415000
2022-03-07,21.31673812866211,22.994963749307107,21.2947750997495,22.77931894826098,450821000
2022-03-08,21.47846794128418,22.336048491385068,20.615894582710208,21.273806590453198,557467000
2022-03-09,22.97599220275879,23.181651368149517,22.210258709065023,22.350026889020018,492742000
2022-03-10,22.62058448791504,22.750368973602082,21.845864966328087,22.493793402927853,428066000
2022-03-11,22.06350326538086,23.106777572967157,22.00959159077199,22.98397960489083,367209000
2022-03-14,21.29477310180664,22.22523309737086,21.12405598316962,21.83288249326877,385354000
2022-03-15,22.935060501098633,22.99995368914288,21.28678799668495,21.48246345674619,491996000
2022-03-16,24.455547332763672,24.556380372712788,23.133734394649547,23.461191848389458,671422000
2022-03-17,24.7251033782959,24.80097618466276,23.866522931134632,24.080170242685615,471941000
2022-03-18,26.40931510925293,26.525124676230377,24.583336918829904,24.75804716530596,730719000
2022-03-21,26.689849853515625,27.107160727661043,25.924116304309262,26.463225444702292,591727000
2022-03-22,26.48019790649414,27.193019493440183,26.028944683421926,26.682861784708894,547007000
2022-03-23,25.5916690826416,26.56805276024476,25.53276649933288,26.082855274149125,502120000
2022-03-24,28.103515625,28.27323498077694,25.864219452397872,26.122792543538875,877379000
2022-03-25,27.646268844604492,28.31116937725865,27.225964556594754,27.839948716581148,579016000
2022-03-28,28.17239761352539,28.20334655569767,27.16107004424797,27.71016288962151,425494000
2022-03-29,28.608675003051758,28.89819508039795,27.933790817045423,28.647610153117842,488984000
2022-03-30,27.64427375793457,28.448942500082115,27.457582292215672,28.257260129122102,463487000
2022-03-31,27.240938186645508,28.20134939752375,27.2249657673919,27.73611936328396,523440000
2022-04-01,26.667888641357422,27.450594367560555,26.22362380328978,27.329793893242602,517235000
2022-04-04,27.314815521240234,27.51248847819135,26.569049452024597,26.68385930081857,397120000
2022-04-05,25.888174057006836,27.273882227541836,25.77735731536666,27.208989043502463,436615000
2022-04-06,24.366697311401367,25.25822238678276,23.96336509029689,24.89282752447318,703833000
2022-04-07,24.16802406311035,24.68117520320366,23.439230012821977,24.400639098224342,557992000
2022-04-08,23.0808162689209,23.88348924002758,23.02391120195369,23.877498631652568,524781000
2022-04-11,21.88080596923828,22.283140331070456,21.624230410844092,22.177316385439557,575207000
2022-04-12,21.468488693237305,22.687473043195695,21.246855175063054,22.499783774583047,662258000
2022-04-13,22.16633415222168,22.46284458428251,21.419570170755655,21.692120067690414,516943000
2022-04-14,21.22289276123047,22.73938520439424,21.12805033509886,22.46783313614378,569097000
2022-04-18,21.747028350830078,22.05152307223847,21.044190468954255,21.16499093817341,525701000
2022-04-19,22.16134262084961,22.336052867668407,21.278801663864815,21.6841313406833,512781000
2022-04-20,21.4465274810791,22.63256548223424,21.16499355429564,22.47981825045816,468974000
2022-04-21,20.149673461914062,22.355025493487677,19.966975076322765,21.673152730988313,656209000
2022-04-22,19.482769012451172,20.452166008773766,19.467794395336746,20.269467682344,624713000
2022-04-25,19.86913299560547,19.912061251453245,19.0644643191004,19.170288258529265,641566000
2022-04-26,18.756973266601562,19.75532184867344,18.6391681034499,19.68543775260022,653143000
2022-04-27,18.38458824157715,19.135345204510386,18.25979468111311,18.567284673540673,499460000
2022-04-28,19.749332427978516,20.003912398081695,18.459466165105905,18.935677751439272,570327000
2022-04-29,18.51637077331543,20.0947591494242,18.486419632382923,19.369958295805834,500435000
2022-05-02,19.50074577331543,19.541676530733604,18.360631379070934,18.510383300710266,572049000
2022-05-03,19.569631576538086,19.792264826527564,19.101406147617034,19.367965463197976,475751000
2022-05-04,20.300418853759766,20.366309842188915,18.720032931591277,19.890098304423287,648855000
2022-05-05,18.812877655029297,19.89209168197491,18.469445932627597,19.834188813660806,626331000
2022-05-06,18.64415740966797,19.479774994567933,17.96028922277007,18.7050574905657,633297000
2022-05-09,16.922008514404297,18.224851759556184,16.79921054716783,18.004217966140544,644455000
2022-05-10,17.565940856933594,18.167945631447047,16.996882526811753,17.659785477148134,761474000
2022-05-11,16.602535247802734,17.723681745955233,16.540639268818456,17.318352104897787,670167000
2022-05-12,16.148286819458008,16.760275340770292,15.54129205927987,16.19221477965003,708728000
2022-05-13,17.676759719848633,17.89839323132893,16.565598761869367,16.76027643455907,670437000
2022-05-16,17.235490798950195,17.758625652025927,17.077752674105408,17.48008705273097,521446000
2022-05-17,18.14698028564453,18.34066013363728,17.604877794636984,18.04414975285288,585830000
2022-05-18,16.91002655029297,18.08807808019247,16.836149355702222,17.675760044727646,545161000
2022-05-19,17.095718383789062,17.65778825331953,16.706361216719795,16.909026960599668,621310000
2022-05-20,16.666431427001953,17.38124861372586,15.72898198152953,17.30337830808669,739105000
2022-05-23,16.870094299316406,16.887066422487216,16.152281838098215,16.247124263630415,639889000
2022-05-24,16.1273193359375,16.5695884679846,15.753937439124629,16.48273226407491,588550000
2022-05-25,16.946969985961914,17.082745092642426,15.973579598347781,15.993547029853493,781132000
2022-05-26,17.821517944335938,18.062119142940787,15.995538164118956,16.009514981430453,996575000
2022-05-27,18.779937744140625,18.84982184670428,18.070111394588807,18.155969822395146,738379000
2022-05-31,18.64116668701172,19.168294646988997,18.31969792226833,18.948656727532523,664100000
2022-06-01,18.289745330810547,19.02153462790535,18.09207236145534,18.69307938333041,544514000
2022-06-02,19.55964469909668,19.58660053766134,18.167947658558926,18.261792289244305,648656000
2022-06-03,18.689085006713867,19.300075763375936,18.49141203066995,19.050488614708392,598779000
2022-06-06,18.754974365234375,19.305064987096657,18.533340874652392,19.107392028269373,422406000
2022-06-07,18.894744873046875,18.96862207015749,18.157962789586147,18.441494168181833,388914000
2022-06-08,18.621139526367188,19.152372804754865,18.508301426768817,18.77192109157783,363252000
2022-06-09,18.022005081176758,18.905730608941067,18.015015194029495,18.45438197777364,395574000
2022-06-10,16.949552536010742,17.671510740907465,16.84470232459891,17.574650332348853,465248000
2022-06-13,15.62446117401123,16.288503218938423,15.583519867870988,15.976952373394663,604153000
2022-06-14,15.813190460205078,16.04285871390006,15.38980044565933,15.708341205730797,469680000
2022-06-15,16.503198623657227,16.843707127190637,15.903063385254484,16.071819667773564,563936000
2022-06-16,15.578527450561523,15.91903681497344,15.378815730013805,15.837154200093364,545749000
2022-06-17,15.857125282287598,15.971959398466023,15.305920381870472,15.625459123341072,630334000
2022-06-21,16.54214096069336,16.983503810631706,16.38336956277522,16.451272418735698,483089000
2022-06-22,16.336437225341797,16.638002299046885,16.156696175443187,16.20262944908796,437135000
2022-06-23,16.201631546020508,16.561111743614834,15.830166643598124,16.495206818519033,463680000
2022-06-24,17.10133171081543,17.115311484717584,16.28650706625883,16.476233929646163,472153000
2022-06-27,16.84469985961914,17.30503623569172,16.602049868165384,17.287062514954613,427968000
2022-06-28,15.95898151397705,17.17722366523123,15.922034149805866,16.875658589400278,461149000
2022-06-29,15.519613265991211,15.797212715501667,15.148149350331243,15.791221792094543,482352000
2022-06-30,15.137164115905762,15.54457639126496,14.840592007892118,15.33887280315056,686070000
2022-07-01,14.502079963684082,15.04130207720822,14.371269098189229,14.877538754510784,577610000
2022-07-05,14.942445755004883,14.94943564180237,14.034755625514359,14.154582664457305,651397000
2022-07-06,15.108206748962402,15.296934641459803,14.767697371772694,14.988379712137199,529066000
2022-07-07,15.835158348083496,15.92203292887166,15.36683402070792,15.433737904176146,492903000
2022-07-08,15.815189361572266,16.013903106670217,15.36683568301595,15.407776997786618,467972000
2022-07-11,15.13017749786377,15.504637397659994,15.01634136835266,15.503638434151677,437321000
2022-07-12,15.060275077819824,15.408772341747861,14.85557044400225,15.246007026649878,458483000
2022-07-13,15.142156600952148,15.352853108240026,14.444164068510663,14.568984012480094,521918000
2022-07-14,15.349858283996582,15.450712638434682,14.706785832690487,15.086238604158117,456235000
2022-07-15,15.739297866821289,15.759268565360502,15.422754057573485,15.636446531437638,385935000
2022-07-18,16.077808380126953,16.87266137055177,15.97895195225039,16.27851907838697,670517000
2022-07-19,16.967525482177734,17.08535554670121,16.14870690622852,16.462253801166636,702366000
2022-07-20,17.781349182128906,17.90716904198324,16.776799657559938,16.922589260993277,760538000
2022-07-21,18.024002075195312,18.117866551176544,17.519730257668552,17.859240712784164,557049000
2022-07-22,17.29405403137207,17.94111946651388,17.112315071094837,17.867226650028243,536671000
2022-07-25,16.999479293823242,17.099335637655976,16.625019432901492,16.994485429100866,480748000
2022-07-26,16.509187698364258,16.894631404697474,16.454266612677664,16.86467392943168,397865000
2022-07-27,17.76437759399414,17.910167215628285,16.888639948434598,17.007468032119625,569776000
2022-07-28,17.95809555053711,18.113870989178302,17.414880394394697,17.94910964143553,474646000
2022-07-29,18.136837005615234,18.217719703529824,17.66651479253147,17.787340786197223,435460000
2022-08-01,18.414438247680664,18.818855586256277,17.964087638151668,18.155810524662435,476469000
2022-08-02,18.499313354492188,18.91072054562352,18.065938493134848,18.095895965389474,489527000
2022-08-03,18.865785598754883,18.940678328318345,18.110874046055788,18.157807229563822,418146000
2022-08-04,19.18732261657715,19.24623764744697,18.7329780806761,18.82185058481239,409652000
2022-08-05,18.961647033691406,19.201301089793144,18.639112354638495,18.782904026459082,386068000
2022-08-08,17.767370223999023,18.21272885675259,17.217165194994923,17.476790919438447,981859000
2022-08-09,17.061391830444336,17.421871950579003,16.699913699114166,17.227153109770796,668263000
2022-08-10,18.0709285736084,18.09189822841544,17.292051599487895,17.672503227673758,597422000
2022-08-11,17.916156768798828,18.680056200111537,17.850251846796258,18.10488562543429,509327000
2022-08-12,18.682050704956055,18.691038518199683,17.927139148933303,18.13384171212563,478094000
2022-08-15,19.00458526611328,19.13639509847231,18.58619008746834,18.67406267417395,457666000
2022-08-16,18.851806640625,19.114428306370357,18.474350847959357,18.89274795043341,451240000
2022-08-17,18.308589935302734,18.661082125283013,18.118864976568958,18.49632077642459,446799000
2022-08-18,18.74595832824707,18.83782485814622,18.15680806715107,18.27463811937027,415447000
2022-08-19,17.823291778564453,18.49332481845139,17.74440509539468,18.379488700573745,441588000
2022-08-22,17.009464263916016,17.532709650888407,16.941561420233597,17.46480680720599,409593000
2022-08-23,17.156251907348633,17.439843224344006,16.94555539401324,16.964529031670615,369986000
2022-08-24,17.197193145751953,17.38092812303671,16.870664499496122,16.987494644326322,522661000
2022-08-25,17.887197494506836,17.92114891568409,16.808753246519775,16.819737081700367,770691000
2022-08-26,16.2365779876709,17.89818058339099,16.21361040263191,17.8312776594616,769127000
2022-08-29,15.778240203857422,16.314466422893805,15.744289732907449,15.996925575894142,496132000
2022-08-30,15.445720672607422,16.01589736454598,15.160132368788158,15.937011634223913,530181000
2022-08-31,15.072258949279785,15.517616644220695,14.937453170398651,15.36184120448703,573710000
2022-09-01,13.916925430297852,14.359287173455753,13.250886359421019,14.188533001763284,1178865000
2022-09-02,13.627342224121094,14.150586633370288,13.571422181905431,14.079689759971137,743157000
2022-09-06,13.445605278015137,13.759153124531602,13.331769162696869,13.711221928123773,535751000
2022-09-07,13.698314666748047,13.822173393200552,13.330735528061444,13.547487346769756,512657000
2022-09-08,13.973999977111816,13.991979993276425,13.353710852564674,13.443607123053166,624873000
2022-09-09,14.370545387268066,14.457445776957336,14.109844218200262,14.140807947475356,486612000
2022-09-12,14.488411903381348,14.530363688437092,14.181762834747161,14.352567755795985,484159000
2022-09-13,13.115983009338379,13.90607879086274,13.084020015919732,13.786216136667264,714956000
2022-09-14,13.112985610961914,13.274800032448795,12.898231356579487,13.238840954590515,588507000
2022-09-15,12.914213180541992,13.217865400833004,12.775372213905372,13.000115265517547,523625000
2022-09-16,13.182906150817871,13.196890078847183,12.602570279850505,12.727427324445726,670751000
2022-09-19,13.366694450378418,13.447602135184914,12.995120180495919,12.997117748224642,569685000
2022-09-20,13.160931587219238,13.467580662495783,13.042068193653254,13.199887497460312,524818000
2022-09-21,13.245833396911621,14.014953223888158,13.095006069075334,13.197888910617825,807679000
2022-09-22,12.54663372039795,13.133961515714864,12.413786413091321,13.055051396378376,759162000
2022-09-23,12.50168514251709,12.596576756962303,12.24298153821407,12.405795220468217,663309000
2022-09-26,12.214014053344727,12.644521810779395,12.20003012664888,12.476713737845671,547343000
2022-09-27,12.398801803588867,12.721432302302027,12.243979363229391,12.492694146841284,553854000
2022-09-28,12.721434593200684,12.808334989361853,12.339871496224669,12.395807208221072,542414000
2022-09-29,12.206025123596191,12.485704640827295,11.932338310214531,12.433764063797438,532763000
2022-09-30,12.125118255615234,12.618553771004274,12.06119131394908,12.073177675047967,565638000
2022-10-03,12.497692108154297,12.663502646264094,12.091156987970592,12.332880830399754,547478000
2022-10-04,13.151942253112793,13.204882092806615,12.864271498472437,12.864271498472437,584182000
2022-10-05,13.193894386291504,13.30576677273866,12.606567453341064,12.8962357836308,507131000
2022-10-06,13.114984512329102,13.640382996223709,13.088014963047122,13.204881739824113,644157000
2022-10-07,12.062189102172852,12.6555096175301,12.00825096010252,12.4906983632642,672478000
2022-10-10,11.65665340423584,12.110133696278101,11.394952962915452,12.02323330257856,698699000
2022-10-11,11.572749137878418,11.832451043030106,11.270095239713184,11.547777159682585,667482000
2022-10-12,11.486846923828125,11.721577800645838,11.332024471143402,11.565757040394997,492590000
2022-10-13,11.946322441101074,12.064187525392592,10.800633851376169,10.95845315309276,850103000
2022-10-14,11.214160919189453,12.097149792077113,11.191187458475738,12.043211646122282,713432000
2022-10-17,11.874403953552246,11.934335754343225,11.503828906655514,11.50482721432823,580774000
2022-10-18,11.953312873840332,12.477712029429732,11.60471206188069,12.32988153915583,659362000
2022-10-19,12.03721809387207,12.335876896072701,11.820466247889982,11.865414862005727,523131000
2022-10-20,12.1800537109375,12.754395880890586,12.091154800998051,12.099146024643437,652398000
2022-10-21,12.451743125915527,12.483707070858399,11.873405767148114,12.084163950866346,609494000
2022-10-24,12.584589958190918,12.695463063675424,12.050202013147084,12.493694435085107,517457000
2022-10-25,13.245833396911621,13.284789304145429,12.649516049354125,12.679482424944323,505482000
2022-10-26,12.88125228881836,13.372689273585683,12.693467556378188,12.854283691329806,532953000
2022-10-27,13.160931587219238,13.82217518035097,13.106993440610113,13.614412865955106,583113000
2022-10-28,13.818178176879883,13.834160625070403,13.04606246592636,13.089013509344072,521040000
2022-10-31,13.481562614440918,13.82217315369988,13.281791553960465,13.762241359263966,486341000
2022-11-01,13.527511596679688,13.909074687035073,13.50353887693043,13.795204744517916,432817000
2022-11-02,13.203882217407227,14.19374905531883,13.195891945618369,13.834161105061225,672628000
2022-11-03,13.405651092529297,13.765240001370984,12.941183672914923,13.028084071862681,500065000
2022-11-04,14.139809608459473,14.212726071029046,13.681333990068602,13.970003964993754,612576000
2022-11-07,14.284645080566406,14.39551820241561,13.938042738906823,14.211728608772217,410061000
2022-11-08,14.585301399230957,14.873970457033804,14.199742196046007,14.784073228557606,595292000
2022-11-09,13.760246276855469,14.194749245388879,13.743265519316347,14.14580454084958,454414000
2022-11-10,15.731986999511719,15.754960458571857,14.530362781058232,14.783073688470592,700819000
2022-11-11,16.308326721191406,16.370256087071166,15.46429382079919,15.788921932687243,655487000
2022-11-14,16.276365280151367,16.521085938920052,15.903791694360095,16.19945367187668,527852000
2022-11-15,16.646942138671875,16.978561310018254,16.363266507577773,16.702877856605785,545876000
2022-11-16,15.891803741455078,16.34328645831589,15.854846355187052,16.14351633939399,649547000
2022-11-17,15.65907096862793,16.247398057022366,15.517233169479347,15.697027616432967,710894000
2022-11-18,15.391377449035645,15.983699658999894,15.102707461635465,15.947739627372425,492072000
2022-11-21,15.299483299255371,15.459300164906633,15.062753876386287,15.129677641354991,404739000
2022-11-22,16.01966094970703,16.039638537316403,15.104708013007992,15.31047278349902,472866000
2022-11-23,16.50010871887207,16.50810089643016,16.029648567735606,16.079590627928166,427241000
2022-11-25,16.251392364501953,16.4681432353888,16.153504874424023,16.29933780193483,167934000
2022-11-28,15.808899879455566,16.338294456377017,15.70701724317918,16.007671708290847,303741000
2022-11-29,15.621114730834961,15.913779868644749,15.502251340847867,15.808899454307763,298384000
2022-11-30,16.907970428466797,16.914964181032015,15.583147881912108,15.68305849672562,565298000
2022-12-01,17.11978530883789,17.24966903763423,16.620229280820404,16.983906389367178,470977000
2022-12-02,16.86100959777832,16.917960081287102,16.43039267097517,16.64420328997193,371389000
2022-12-05,16.595247268676758,16.979905532494605,16.457369355246808,16.66418622539173,352255000
2022-12-06,15.972803115844727,16.55828220439157,15.804952088174314,16.515321122565265,352694000
2022-12-07,16.105682373046875,16.17162373381162,15.653083725365772,15.75799095539726,372388000
2022-12-08,17.153751373291016,17.163742720117526,15.94482508644722,16.25854727870502,515456000
2022-12-09,16.985898971557617,17.56738276437622,16.959922995009748,17.144758142343576,465338000
2022-12-12,17.519426345825195,17.522423940579902,16.78208282842497,17.02186944660051,457328000
2022-12-13,18.055952072143555,18.77331488010068,17.695272589049537,18.514544101686898,656589000
2022-12-14,17.65830421447754,18.235791937239984,17.404530071372026,17.971025977289464,496888000
2022-12-15,16.93694305419922,17.304616230476075,16.6851679759373,17.130770989108214,478542000
2022-12-16,16.55628204345703,17.02586584479586,16.395425732702005,16.84902299700821,478232000
2022-12-19,16.23956298828125,16.594247221687603,16.130660548556378,16.557281335013183,354039000
2022-12-20,16.070711135864258,16.295511654476023,15.837919255621513,16.049729881170784,403260000
2022-12-21,16.486343383789062,16.612232828337646,16.087697604970053,16.099687983333983,325025000
2022-12-22,15.32537841796875,16.12366962981493,14.868784463917573,16.07970807761634,565045000
2022-12-23,15.192496299743652,15.325377606803146,14.869783192845759,15.182504951788497,349326000
2022-12-27,14.10845947265625,15.086590117215547,14.04351666537455,15.06061318486834,464902000
2022-12-28,14.02353572845459,14.249334863819179,13.871670283599162,13.91463231895457,351066000
2022-12-29,14.590031623840332,14.669960504329158,14.214366076108336,14.389210859487921,354923000
2022-12-30,14.601022720336914,14.61600879014983,14.220360539588007,14.321270681348357,310490000
2023-01-03,14.302287101745605,14.982683046541192,14.083481722564576,14.837811356872233,401277000
2023-01-04,14.735902786254883,14.839810527857608,14.228354459163457,14.554065191277584,431324000
2023-01-05,14.252330780029297,14.55106500758206,14.135434115107048,14.478129888796087,389168000
2023-01-06,14.845802307128906,14.996668210426066,14.02153527018325,14.461144038945182,405044000
2023-01-09,15.614120483398438,16.041739858471093,15.127552540225734,15.27042613908939,504231000
2023-01-10,15.894871711730957,15.947824139665439,15.458259534317742,15.493228298581526,384101000
2023-01-11,15.986787796020508,16.01376424221786,15.549177090180791,15.82593149314411,353285000
2023-01-12,16.496335983276367,16.622223531730338,15.478240920942719,16.085701700564304,551409000
2023-01-13,16.883989334106445,16.90696962047849,16.15064206951612,16.263540658605216,447287000
2023-01-17,17.686277389526367,17.712255272963468,16.883991088127484,16.883991088127484,511102000
2023-01-18,17.361570358276367,17.857128303594102,17.266653496873438,17.651311852780974,439624000
2023-01-19,16.75010871887207,17.181726129417644,16.716140426947042,17.020867925227833,452932000
2023-01-20,17.823156356811523,17.840141455842918,16.81005703807903,16.995890753129473,564967000
2023-01-23,19.17595863342285,19.2279125064766,17.802179545686606,18.047959497387954,655163000
2023-01-24,19.24789047241211,19.477687661634242,18.803285974223765,18.810279727152732,496204000
2023-01-25,19.30583953857422,19.3527986829265,18.56349935328675,18.896203804799455,449537000
2023-01-26,19.784408569335938,20.14808552329003,19.260873906821352,19.68349846226916,489535000
2023-01-27,20.346914291381836,20.609681217666772,19.387767750203274,19.444716337644525,542142000
2023-01-30,19.144983291625977,20.12211348530926,19.132992911894107,19.932283592332396,488611000
2023-01-31,19.519651412963867,19.669517828864823,18.933172787295593,19.15297673690667,498017000
2023-02-01,20.924400329589844,21.173177824154312,19.593582609656906,19.673511481668655,660477000
2023-02-02,21.68971824645996,21.92950485581923,20.681615543023483,20.981348328308925,564276000
2023-02-03,21.081260681152344,21.725688289860823,20.770536068653296,20.98134911376539,429366000
2023-02-06,21.07027244567871,21.550844283584937,20.767540124697106,20.78752282089384,452197000
2023-02-07,22.153308868408203,22.239232935371913,21.13121666091227,21.363010976269244,664150000
2023-02-08,22.18528175354004,22.85768446098811,21.988456187602562,22.36711934372016,559651000
2023-02-09,22.317163467407227,22.999557491709666,22.10035711997715,22.58592558750438,523876000
2023-02-10,21.246110916137695,22.05838850067455,20.79251561122699,21.670734556522017,550737000
2023-02-13,21.76865005493164,22.028419376071003,20.943383416988237,21.51887208141164,474919000
2023-02-14,22.950599670410156,23.028529512840443,21.347023654423356,21.5588352663049,675474000
2023-02-15,22.74378204345703,22.834700825235142,22.08636740802222,22.528972843717096,420575000
2023-02-16,21.982460021972656,22.52997175274306,21.907525869971312,22.113342288734373,412026000
2023-02-17,21.36900520324707,21.72069186561659,20.956371893451113,21.611789418600182,465888000
2023-02-21,20.636655807495117,21.474909439572844,20.599688013751237,20.981348707366188,410015000
2023-02-22,20.73556900024414,21.08525856184471,20.40286453988305,20.688611760297764,513184000
2023-02-23,23.642982482910156,23.866784468278883,23.004550068861985,23.419182403196057,1117995000
2023-02-24,23.265317916870117,23.4531525765487,22.92662020294301,23.204373176224866,589716000
2023-02-27,23.48012924194336,23.858792378976418,23.433172002016676,23.64897978549694,452994000
2023-02-28,23.19537925720215,23.80383950478864,23.18538791047847,23.351240835913334,455963000
2023-03-01,22.677841186523438,23.23534617422928,22.488009397581543,23.1714019321177,460026000
2023-03-02,23.29329490661621,23.359236279299715,22.412078207513495,22.46803013779007,389415000
2023-03-03,23.86878204345703,23.878773390868645,23.10945679106635,23.299288580577688,412393000
2023-03-06,23.533084869384766,24.226466934700564,23.46614302389573,23.86978550620526,437429000
2023-03-07,23.271268844604492,24.10766739527253,23.224301727377593,23.583044962685058,515154000
2023-03-08,24.16362762451172,24.182614980874536,23.407171499495316,23.470125964528833,513573000
2023-03-09,23.41916275024414,24.43643099664028,23.36619942637725,24.157630214818013,501257000
2023-03-10,22.948501586914062,23.610026647081675,22.709672969612804,23.392182851427492,474866000
2023-03-13,22.949501037597656,23.281263263706624,22.280982921943256,22.735655977833733,421890000
2023-03-14,24.04570960998535,24.201597655704894,23.443142246378383,23.479117583684822,474910000
2023-03-15,24.21059226989746,24.268549253766167,23.34321591719625,23.743926859434243,524486000
2023-03-16,25.522653579711914,25.569618796745175,23.87683539847444,24.009741187563616,583253000
2023-03-17,25.706520080566406,26.380035679628442,25.649559915079895,25.963335426659217,848547000
2023-03-20,25.881391525268555,26.005302985248274,25.111944281425373,25.59659643862163,432747000
2023-03-21,26.180179595947266,26.373041749069,25.362768311774655,26.161194144043428,547408000
2023-03-22,26.448984146118164,27.569179039359145,26.218149211334993,26.406013865923246,797295000
2023-03-23,27.171463012695312,27.479242276162655,26.67082353451249,27.09551740589253,564889000
2023-03-24,26.7597599029541,27.14748163150806,26.336064740072203,27.011579661184584,454920000
2023-03-27,26.511940002441406,26.980602930937245,26.346058892547795,26.817719925026797,361026000
2023-03-28,26.391027450561523,26.493954097903753,25.831430276636002,26.4280015261845,356104000
2023-03-29,26.964611053466797,27.05854337655572,26.577889984895098,26.80572680565283,393694000
2023-03-30,27.363325119018555,27.479242902984097,27.082526876348233,27.209436436763664,364516000
2023-03-31,27.75704574584961,27.814004004810442,27.085527618637744,27.120502322557275,433933000
2023-04-03,27.944908142089844,27.97988284316554,27.316360349357428,27.48923638951916,398716000
2023-04-04,27.43327522277832,27.979883109323673,27.287380209480947,27.945907140533155,368592000
2023-04-05,26.861690521240234,26.978605147594994,26.37603957890643,26.8097278297564,515015000
2023-04-06,27.017576217651367,27.0605445928743,26.408013855590625,26.56490064896027,397654000
2023-04-10,27.559188842773438,27.60115848871077,26.64984270217428,26.8037314039445,395279000
2023-04-11,27.14948081970215,27.770034946534413,27.10651053934527,27.70408238005896,314378000
2023-04-12,26.475963592529297,27.448264043474452,26.42899647869956,27.350334885590687,446259000
2023-04-13,26.443988800048828,26.867683992588354,26.31008619158329,26.714794027025235,353615000
2023-04-14,26.7387752532959,26.863685447596264,26.201161670292343,26.48495802818626,395660000
2023-04-17,26.982603073120117,26.98659990988573,26.414011588181,26.545916731338338,321471000
2023-04-18,27.647125244140625,28.08980780824291,27.337348466129004,27.513222631299666,604812000
2023-04-19,27.910932540893555,27.97988321134387,27.212435336818444,27.34134236619058,358660000
2023-04-20,27.08452796936035,28.00986330483547,26.980602593808353,27.651120059660737,427713000
2023-04-21,27.099512100219727,27.16346719319887,26.702798019967467,26.932632287348866,345103000
2023-04-24,27.02257537841797,27.346342052515727,26.651841580341635,26.993596880204745,339282000
2023-04-25,26.222148895263672,27.227426749574136,26.206161547762456,27.058547526237795,378527000
2023-04-26,26.93663215637207,27.310363995555466,26.685813042578094,26.98260053980685,406337000
2023-04-27,27.206438064575195,27.47524579555114,26.60587004830021,27.343340667497472,377161000
2023-04-28,27.729063034057617,27.738055439264453,27.05154877079702,27.205439357656942,292216000
2023-05-01,28.88922882080078,29.037123203586457,27.760041532838155,27.81999789084175,570329000
2023-05-02,28.189729690551758,28.8152812553003,28.06282204018928,28.659393206887817,402730000
2023-05-03,27.782024383544922,28.346618966238957,27.452261563896183,27.81999718738194,383387000
2023-05-04,27.54219627380371,27.83898185011702,27.22042713584613,27.63113112045335,321850000
2023-05-05,28.659395217895508,28.734340190712658,27.71107761966049,27.806008680953532,361494000
2023-05-08,29.130056381225586,29.199007054146342,28.3296331477071,28.501508557701996,344979000
2023-05-09,28.550472259521484,28.95218386883389,28.42956080845982,28.878237628932897,314869000
2023-05-10,28.864248275756836,29.09208511331719,28.440553105049684,28.984160996383515,369350000
2023-05-11,28.557466506958008,28.929200880631168,28.2257062150905,28.875238824459824,322149000
2023-05-12,28.319643020629883,28.759327494388092,28.0258535809581,28.50850643514696,274222000
2023-05-15,28.93219757080078,28.948186822599496,28.131774367811524,28.487517590033796,293926000
2023-05-16,29.1920108795166,29.848540343495443,28.811286001539706,28.820278407031964,449405000
2023-05-17,30.156320571899414,30.177305394673716,29.40885871968044,29.562747420025342,432535000
2023-05-18,31.655241012573242,31.805132866599582,30.298216841251755,30.388152334863225,748725000
2023-05-19,31.241539001464844,31.55731196292301,30.893789441398656,31.51334294860052,473908000
2023-05-22,31.15359878540039,31.497351463720808,30.657954901176563,30.878794864465362,372000000
2023-05-23,30.665950775146484,31.265520063724964,30.608992521832057,30.977726881446422,356253000
2023-05-24,30.516063690185547,30.585014369256506,29.784589158364078,30.188298281411896,721419000
2023-05-25,37.95270919799805,39.45163138028212,36.60867442139067,38.49531829608929,1543911000
2023-05-26,38.91801834106445,39.14185643210818,37.523021390592284,37.8627772696222,714397000
2023-05-30,40.08218002319336,41.907866975291824,39.92029767166327,40.56583342459761,923401000
2023-05-31,37.80681610107422,40.26604642153366,37.7948236861599,39.459627039739445,1002580000
2023-06-01,39.741432189941406,40.02122983571993,38.31245910707475,38.4613503365906,635873000
2023-06-02,39.29874038696289,40.470897837562205,39.02993267645081,40.06818754402535,482731000
2023-06-05,39.142860412597656,39.536574551620944,38.679193055600464,38.88104760038669,396094000
2023-06-06,38.6262321472168,39.13186917948289,38.1205951149507,38.802108217891856,388729000
2023-06-07,37.45195007324219,39.47470731820112,37.33302378077641,38.891066864084394,511998000
2023-06-08,38.4863166809082,38.84009908086617,37.481937448389274,37.70080073139002,417772000
2023-06-09,38.74615478515625,39.68657409721963,38.5432805257342,39.01298885760703,427717000
2023-06-12,39.45771408081055,39.50568489273074,38.59424709094894,39.17588984967421,388701000
2023-06-13,40.99677276611328,41.07572656375004,39.7155634535016,40.16128833058989,613208000
2023-06-14,42.97055435180664,42.973550859582204,40.52705475486993,40.7988906205553,740465000
2023-06-15,42.62677001953125,43.26238049136282,42.121080670450745,42.57580269390377,568622000
2023-06-16,42.66574478149414,43.694111251888586,42.634761803785864,43.423278014608734,655709000
2023-06-20,43.78105545043945,43.96294653447216,42.647754022226124,42.97155606415184,451153000
2023-06-21,43.018524169921875,43.58817710973732,42.05412133448667,43.47424499683379,551603000
2023-06-22,42.99854278564453,43.39929334950014,42.20802885458694,42.227014364418665,417737000
2023-06-23,42.18303680419922,42.782666218208185,41.98915588994849,42.437881020710904,358140000
2023-06-26,40.60700607299805,42.73769458878432,40.0753318268569,42.434879569739635,594322000
2023-06-27,41.85023880004883,41.914198606018914,40.42311966512326,40.77390166827753,462175000
2023-06-28,41.09171676635742,41.81926974246126,40.49308608154793,40.63499705446512,582639000
2023-06-29,40.79689025878906,41.574411613272915,40.57502668206587,41.53243762915507,380514000
2023-06-30,42.275978088378906,42.523826641002486,41.47547209665059,41.65436284733214,501148000
2023-07-03,42.38690948486328,42.87161176585731,42.17604073729099,42.490845604784155,198209000
2023-07-05,42.290977478027344,43.150445397826026,42.05911789513359,42.1090863839525,323618000
2023-07-06,42.07710647583008,42.1530599478422,41.32057207606587,41.81826689432813,303582000
2023-07-07,42.47686004638672,43.187425147164426,42.154060635419896,42.29597160095548,355881000
2023-07-10,42.15406036376953,42.78467282860044,41.62338487579701,42.63076820680395,353908000
2023-07-11,42.3789176940918,42.73170122282659,42.04112814202054,42.454871163979334,298244000
2023-07-12,43.874996185302734,43.90797683237442,42.750688175915705,43.00653122808704,481277000
2023-07-13,45.948726654052734,46.12661477975552,44.46463927645511,44.490624263163284,478204000
2023-07-14,45.4410400390625,48.05842893379774,45.03229116224006,46.5543533849004,772075000
2023-07-17,46.43242645263672,46.4674047762211,45.23416630159501,46.2605351552228,510488000
2023-07-18,47.46479415893555,47.866547385437194,45.70587810713597,46.6722825276782,569164000
2023-07-19,47.04804611206055,47.788591506668375,46.713253060545895,47.434809134176305,427502000
2023-07-20,45.492008209228516,47.05804593401863,45.03428967056122,46.478400771576474,537865000
2023-07-21,44.2817497253418,45.83779524774896,44.0728786185387,45.759840286956276,963769000
2023-07-24,44.58456039428711,45.081256355723035,44.01291361233455,44.70348668350463,382516000
2023-07-25,45.65090560913086,46.154593423869336,44.89537007467214,44.91336055906323,348081000
2023-07-26,45.424041748046875,46.02467380620523,44.60254877026803,45.99269199523918,364237000
2023-07-27,45.871768951416016,47.365848326279796,45.721859689787834,46.4903876930014,455976000
2023-07-28,46.721248626708984,46.9980786979618,46.35247608116189,46.639298324953806,331194000
2023-07-31,46.70025634765625,47.101010662202654,46.47739394545159,46.72524249470283,251055000
2023-08-01,46.478397369384766,46.87115722310503,45.99869303507332,46.431425390722836,237858000
2023-08-02,44.24177932739258,45.811812441714785,43.36032171305953,45.802819104407256,530142000
2023-08-03,44.48762130737305,45.0902510844573,43.77306090168559,43.77306090168559,324176000
2023-08-04,44.652523040771484,45.613929417998236,44.36570079021175,44.95733577714755,362666000
2023-08-07,45.38907241821289,45.511997882155306,44.53559746044546,45.083260824874436,322154000
2023-08-08,44.636531829833984,45.21417545888019,44.028904059244816,44.82541476597463,353843000
2023-08-09,42.52783203125,44.28475035974044,42.10808833020014,44.24677171513359,586449000
2023-08-10,42.36193084716797,43.54720225207386,41.80926955254042,42.134070432183805,492705000
2023-08-11,40.829872131347656,41.99215885411626,40.61400537621823,41.72532096506458,533085000
2023-08-14,43.72608947753906,43.77306145616608,40.28620883934567,40.46110044875355,690286000
2023-08-15,43.91297912597656,45.2401654426178,43.683121014623126,44.53260062164396,676512000
2023-08-16,43.45925521850586,44.64752313399485,43.37930259032958,44.49261968234225,527451000
2023-08-17,43.31734085083008,44.03489771419594,42.97454951240832,43.94295524890926,452395000
2023-08-18,43.27236557006836,43.551193279741135,41.63437381787733,42.60877254788451,583768000
2023-08-21,46.9381103515625,47.03604964623714,44.19479982768354,44.46663188405511,692573000
2023-08-22,45.63991165161133,48.15736337398348,45.305118604753304,48.10539340410523,755293000
2023-08-23,47.0870246887207,47.170972662557176,45.18019716729646,45.837793441366706,779046000
2023-08-24,47.133995056152344,50.235087489831194,47.129999711888594,50.185119000074536,1156044000
2023-08-25,45.98970413208008,47.77560401823742,44.99631206944003,46.983092382368596,925341000
2023-08-28,46.80619812011719,46.951109410525305,44.86039682163615,46.45341455534656,685192000
2023-08-29,48.753997802734375,49.05081602955915,46.362467963571824,46.637300361067204,701397000
2023-08-30,49.23370361328125,49.896294082770865,48.395218879194125,49.01383768871002,735206000
2023-08-31,49.32464599609375,49.71340669835094,48.92789079334984,49.34963214592207,528570000
2023-09-01,48.479164123535156,49.76937047893149,48.11238926201774,49.73139564970311,463830000
2023-09-05,48.51814651489258,48.8209615928062,47.83056986404137,48.193345606004165,382653000
2023-09-06,47.03593063354492,48.52313691375408,46.555187876917,48.41519655177033,468670000
2023-09-07,46.216373443603516,46.319319226936436,45.12795273707545,45.500755177514414,433330000
2023-09-08,45.547725677490234,46.58117533674091,45.24688731005027,45.917531350279944,473069000
2023-09-11,45.1539306640625,46.138402655591285,44.28839093840832,46.12341125758465,473966000
2023-09-12,44.84609603881836,45.64866967224263,44.5072759274583,44.71416638761609,349256000
2023-09-13,45.46076965332031,45.90553228607265,44.47929053131075,44.576238979076166,398355000
2023-09-14,45.55672073364258,45.962502692385634,45.10695968165419,45.925523652473494,370097000
2023-09-15,43.87661361694336,45.574705966498,43.78465976320307,45.31684399659929,506831000
2023-09-18,43.94257736206055,44.21843130315232,41.977625116232176,42.72522772825451,500271000
2023-09-19,43.49681854248047,43.942580116428104,42.97909291136134,43.80965154141969,373064000
2023-09-20,42.21649932861328,43.8796144440897,42.20050901024611,43.57677443743624,367108000
2023-09-21,40.99515151977539,42.077574867465316,40.95817247753812,41.560851943830684,450736000
2023-09-22,41.587833404541016,42.09256543967266,41.20903369546633,41.549851635477154,479236000
2023-09-25,42.19951248168945,42.51334442024315,41.15506707113052,41.56884803680247,419091000
2023-09-26,41.888675689697266,42.797191913553974,41.632811527831635,41.9786279043167,402282000
2023-09-27,42.44537353515625,42.84916144442917,41.6068236263715,42.30745037976569,444935000
2023-09-28,43.066043853759766,43.42285209664096,42.09256375504342,42.43737735420923,424663000
2023-09-29,43.475830078125,44.120486965591965,43.283931008082554,43.8036544788931,397830000
2023-10-02,44.75814437866211,45.150932755154926,43.83763359767802,44.0065422837391,433298000
2023-10-03,43.49381637573242,45.10595989104471,43.22296083149147,44.784129013876274,470850000
2023-10-04,44.017539978027344,44.11948683276417,43.26893841700572,43.718699467120906,361821000
2023-10-05,44.66419219970703,44.876081056314405,43.8646191621287,44.02653160609712,393483000
2023-10-06,45.73762512207031,45.76461116707527,44.002549771272555,44.169460632847446,434436000
2023-10-09,45.24888229370117,45.580706172342126,44.34436559905115,44.818112127505174,409675000
2023-10-10,45.77360534667969,46.23435832407975,45.06398445382541,45.28586632421444,368582000
2023-10-11,46.78106689453125,46.834040065278735,46.02546908598747,46.17139122245058,378137000
2023-10-12,46.91999053955078,47.58363826883496,46.30532030550045,46.752080770743476,481325000
2023-10-13,45.4367790222168,47.09089990753687,45.25587569463815,46.93498097351797,474115000
2023-10-16,46.07044982910156,46.200377842615175,44.88807745493638,45.03899800446754,375099000
2023-10-17,43.91460037231445,44.73016769941583,42.45737665288989,43.97656762848471,812333000
2023-10-18,42.17352294921875,43.195980659324874,41.802722183311644,42.56831300533291,627294000
2023-10-19,42.078575134277344,43.27393718803966,41.85969002338792,42.788196012329266,501233000
2023-10-20,41.364952087402344,42.447375301495796,41.05611478575877,41.86768246677246,477266000
2023-10-23,42.952110290527344,43.2249675157508,40.92319267438126,41.20704181448495,478530000
2023-10-24,43.639739990234375,43.6737222757847,42.668261441476595,43.05405360213857,401463000
2023-10-25,41.75674819946289,43.62675391734411,41.53286847594354,43.37488541571925,398379000
2023-10-26,40.30451965332031,42.23349189998,39.858758079391365,41.830706689092274,541001000
2023-10-27,40.47842788696289,41.18405312081342,39.993685609648104,41.1080933883064,416784000
2023-10-30,41.139076232910156,41.74375354185216,40.45943810774144,41.06511814770768,388028000
2023-10-31,40.758277893066406,40.85722799874781,39.20910424104983,40.42845564545798,517969000
2023-11-01,42.302459716796875,42.35842964883917,40.847233858365946,40.86222525978218,437593000
2023-11-02,43.482826232910156,43.86062323706015,42.87115271419189,43.30491964488263,409172000
2023-11-03,44.98102569580078,45.284860788211226,43.69970715705382,43.99654982171858,424610000
2023-11-06,45.726627349853516,45.91053125245122,44.875080030821906,45.26087599010576,400733000
2023-11-07,45.93052291870117,46.19337950149492,45.13394657321991,45.694648568134504,343165000
2023-11-08,46.549190521240234,46.84203370294661,45.943510541994904,46.07544019276808,346719000
2023-11-09,46.924991607666016,48.20430856187874,46.725097380403966,47.441714505916444,540496000
2023-11-10,48.30924987792969,48.446177931807874,47.257812163994814,47.47469561737959,421245000
2023-11-13,48.59409713745117,49.089835094749,48.07337478624012,48.29425772183734,384136000
2023-11-14,49.629547119140625,49.80745370389352,49.01387793852475,49.653536408739555,416954000
2023-11-15,48.86195755004883,49.933385086001586,48.174324326387854,49.90840069125428,475497000
2023-11-16,49.45364761352539,49.498625630129254,48.30426236511625,48.65307551956687,339756000
2023-11-17,49.27174377441406,49.690519330165195,48.98089839763263,49.497621330678015,325205000
2023-11-20,50.38214874267578,50.52107463973848,49.154802228016756,49.28573296601089,414120000
2023-11-21,49.917396545410156,50.49008937309291,49.19578101155138,50.0992988063333,565747000
2023-11-22,48.69004821777344,50.30818524557121,47.66459379977652,49.825444647955656,899420000
2023-11-24,47.75054931640625,48.89493979924666,47.719563787416085,48.44417984650633,294645000
2023-11-27,48.21630096435547,48.50414574060009,47.626615118323514,47.774535085791925,395662000
2023-11-28,47.79552459716797,48.297259893214324,47.44771040598486,48.21030443908597,401491000
2023-11-29,48.114356994628906,48.73602732533338,47.834507360313225,48.353231914775776,382005000
2023-11-30,46.745086669921875,48.084373021372656,46.39727247213995,47.99841648388341,526247000
2023-12-01,46.740089416503906,47.17485908076749,46.16239818011134,46.50021939065631,369317000
2023-12-04,45.48575210571289,46.05245136899975,44.98601848910901,46.05245136899975,437543000
2023-12-05,46.5452880859375,46.57926954537756,45.25086215389837,45.44577510763007,371718000
2023-12-06,45.48275375366211,47.36591823339589,45.39179463674292,47.193993872768374,380590000
2023-12-07,46.57527542114258,46.60826168882766,45.583716069310206,45.67967404093923,350823000
2023-12-08,47.48487091064453,47.719766997972506,46.529294836927505,46.574276804692715,359224000
2023-12-11,46.60626220703125,47.50985949480555,45.809619589825815,47.469880182116974,509728000
2023-12-12,47.635807037353516,47.644801906142895,46.02552343501431,46.02552343501431,372387000
2023-12-13,48.06661605834961,48.57239155389096,47.58682997648847,47.60782054607612,447792000
2023-12-14,48.328487396240234,48.64834472211772,47.40090267639556,48.36847051522494,391232000
2023-12-15,48.868247985839844,49.38201924367625,48.09859010510826,48.17255849381236,479948000
2023-12-18,50.054725646972656,50.41056629319065,49.12813983302007,49.378028634178875,412587000
2023-12-19,49.581932067871094,49.67789003009956,48.87324785664231,49.40201184194275,464444000
2023-12-20,48.08959197998047,49.97675235960813,48.07659727656144,49.63290366098113,397894000
2023-12-21,48.96821212768555,49.07316496870164,48.39746313558766,48.789290888381665,300425000
2023-12-22,48.80828094482422,49.361032545869435,48.4454396410346,49.173116447816035,252507000
2023-12-26,49.257076263427734,49.577932603982376,48.93821793497618,48.946213796388726,244200000
2023-12-27,49.39501953125,49.65790303902093,49.06316647009429,49.48897949003526,233648000
2023-12-28,49.49997329711914,49.861811801128255,49.39002161209968,49.62092167584078,246587000
2023-12-29,49.49997329711914,49.97476431761222,48.72931630882886,49.79084423414316,389293000
2024-01-02,48.14657211303711,49.27306967783242,47.57382895982364,49.22209367645226,411254000
2024-01-03,47.5478401184082,48.16256441258292,47.29895033204464,47.46387785018922,320896000
2024-01-04,47.976654052734375,48.478429690770945,47.486870301849585,47.74575398330261,306535000
2024-01-05,49.07516098022461,49.52496157552718,48.284512463803985,48.44044511624241,415039000
2024-01-08,52.22975540161133,52.2517487880838,49.45699105890023,49.48997732560851,642510000
2024-01-09,53.11636734008789,54.30084172784062,51.667011411365344,52.377697569217304,773100000
2024-01-10,54.325828552246094,54.575717375049436,53.46521138550337,53.59215762234406,533796000
2024-01-11,54.797611236572266,55.32138021141778,53.536175408383876,54.974534451044995,596759000
2024-01-12,54.68566131591797,54.94554779007713,54.30583310445503,54.59570119993984,352994000
2024-01-16,56.3569221496582,56.80971977782299,54.8755828754699,54.99353042144443,449580000
2024-01-17,56.02806854248047,56.44588188035791,54.71565285080781,56.321936487561636,474394000
2024-01-18,57.081600189208984,57.574380958680926,56.08204493775271,57.23453202066577,491650000
2024-01-19,59.464534759521484,59.47352962695146,57.1995402042503,57.96320025475475,543501000
2024-01-22,59.627464294433594,60.30416510647555,59.04372443283781,60.02228904980068,452955000
2024-01-23,59.846370697021484,59.883352989442805,58.558941562294194,59.54350406262355,294654000
2024-01-24,61.33470153808594,62.82103953170251,59.91133524326615,60.27717355032384,560271000
2024-01-25,61.58959197998047,62.69110297574928,60.82293105370839,62.32226382064944,482777000
2024-01-26,61.00385284423828,61.75552108430859,60.546060183592516,60.93288527775175,390309000
2024-01-29,62.43721389770508,62.46120148307655,60.8799082837458,61.20476066386155,348733000
2024-01-30,62.7460823059082,63.46476433174514,62.23231094564398,62.87202953691922,410735000
2024-01-31,61.499629974365234,62.241300473230424,60.67299820310047,61.412666876814875,453795000
2024-02-01,62.998966217041016,63.162894734552545,61.622579800424674,62.07237659144927,369146000
2024-02-02,66.13056945800781,66.57036851886501,63.66166331360379,63.945537360193555,476578000
2024-02-05,69.30116271972656,69.4660902448963,67.17510988104948,68.19465284227928,680078000
2024-02-06,68.19265747070312,69.72297479094898,66.27051620023909,69.59902939073692,683111000
2024-02-07,70.06781005859375,70.18875841866728,67.5699213830753,68.28860324951218,495575000
2024-02-08,69.61001586914062,70.76250278254372,69.42410160910691,70.04282188718702,414422000
2024-02-09,72.1009292602539,72.1529004646833,70.18077818713913,70.50163460022237,436637000
2024-02-12,72.21586608886719,74.57781401880388,71.21830888867534,72.56770690031318,613710000
2024-02-13,72.09593200683594,73.41734287476193,69.58905139491642,70.36870340581967,602580000
2024-02-14,73.86714172363281,74.20299085628308,71.90601614461964,73.16945404316262,504917000
2024-02-15,72.62567901611328,73.94209455962387,72.367798166515,73.83614652782032,420122000
2024-02-16,72.58069610595703,74.36890170975214,72.46874641870774,74.06703410620473,495327000
2024-02-20,69.42111206054688,71.92399611508012,67.7038738880447,71.91499743381983,704833000
2024-02-21,67.4419937133789,68.85736435043377,66.21853903151819,67.97575281438615,673755000
2024-02-22,78.50306701660156,78.54004549472725,74.18698694105572,74.9916291688298,865100000
2024-02-23,78.78194427490234,82.35734911008414,77.53549728166801,80.75406627582844,829388000
2024-02-26,79.05683135986328,80.6101411640251,78.47008678079447,79.66455506990452,503973000
2024-02-27,78.66598510742188,79.44464551276913,77.12767591593222,79.34568290449742,391705000
2024-02-28,77.62845611572266,78.89788784146795,77.09069341452309,77.5854759749912,393110000
2024-02-29,79.0768051147461,79.95441287342628,78.31514306702577,79.05881537966623,507289000
2024-03-01,82.24239349365234,82.26338787226389,79.3996570168458,79.96440808929653,479135000
2024-03-04,85.19908142089844,87.6559881507534,83.68175896782463,84.09257161789769,615616000
2024-03-05,85.92979431152344,86.0627446282655,83.38381061731276,85.23607018990775,520639000
2024-03-06,88.66470336914062,89.68829799563825,86.99536968964857,87.98697936730527,582520000
2024-03-07,92.63211822509766,92.73007879589166,89.5663374903336,90.12211596889982,608119000
2024-03-08,87.49317932128906,97.36125367062506,86.471582722722,95.10015250661483,1142269000
2024-03-11,85.73988342285156,88.76167594970588,84.13252133484733,86.3946216607828,678364000
2024-03-12,91.87643432617188,91.92341269864875,86.11572665391354,88.01397320906432,668075000
2024-03-13,90.8518295288086,91.46758169303533,88.39980282776601,91.01876288430473,635713000
2024-03-14,87.90900421142578,90.60993246753917,86.56553726731572,89.54135761646017,602318000
2024-03-15,87.80204010009766,89.51035957614793,86.22267471383468,86.89540339171198,642086000
2024-03-18,88.41980743408203,92.36823276107319,87.05034978296683,90.35203699153264,668976000
2024-03-19,89.36243438720703,90.5079745304904,84.97617972588029,86.66550214997781,672171000
2024-03-20,90.33604431152344,90.37403120538988,88.18789728423222,89.76126851749964,479063000
2024-03-21,91.39861297607422,92.61113535282396,90.36902406254626,92.26327425898415,480372000
2024-03-22,94.25148010253906,94.74028392361174,90.79785315480537,91.10473019409365,586719000
2024-03-25,94.96419525146484,96.72749325113482,93.47279218881877,93.90362043919335,552136000
2024-03-26,92.52416229248047,96.33664749790948,92.46518766291072,95.81285394972517,513648000
2024-03-27,90.21408081054688,93.20288866545509,89.08753045086448,93.074941256308,586067000
2024-03-28,90.3200454711914,91.26367004870988,89.15750627580795,89.96418433554203,435212000
2024-04-01,90.32704162597656,92.18830020895638,89.16850623304367,90.26307172974768,452441000
2024-04-02,89.4164047241211,90.05814752237067,87.58513306363145,88.41279885088287,433064000
2024-04-03,88.92859649658203,90.33803909261785,88.36482555925463,88.44879176806333,370067000
2024-04-04,85.87080383300781,90.59792533384633,85.8458122591206,90.37001163667843,434965000
2024-04-05,87.97298431396484,88.44579567730581,85.89181202232426,86.83143280467098,399678000
2024-04-08,87.09832763671875,88.79465089246293,86.69748624318682,88.66469774661466,283220000
2024-04-09,85.32002258300781,87.60012052713442,82.98895768982644,87.40719655433202,501700000
2024-04-10,87.00436401367188,87.36522041356919,83.67568736757892,83.89260387924026,431929000
2024-04-11,90.57994079589844,90.7028929518332,86.89141424964939,87.38521335302488,431637000
2024-04-12,88.15091705322266,90.13913187887813,87.49517977611293,89.66331567734815,426805000
2024-04-15,85.9667739868164,90.57693808006732,85.89480404361007,89.06254160849194,443077000
2024-04-16,87.38021850585938,88.08293408447673,86.02975814283229,86.39860698604153,370453000
2024-04-17,84.00155639648438,88.73966766585035,83.9165835166389,88.30483561683317,495400000
2024-04-18,84.63731384277344,86.15571437475974,82.3692193017974,84.93619849437428,447260000
2024-04-19,76.169677734375,84.290445825424,75.57591993805586,83.11691697495651,875198000
2024-04-22,79.4863510131836,80.04113043825068,76.36959570360536,78.07291229541282,596341000
2024-04-23,82.39019775390625,82.73606074047304,80.2320603062068,80.73685660493986,438559000
2024-04-24,79.64530181884766,84.04854803404984,79.15149506612265,83.91659676863443,512208000
2024-04-25,82.59912109375,83.2898403812615,78.19187140737442,78.83661137961147,424641000
2024-04-26,87.7000961303711,88.29585968893673,83.35382636513968,83.78465465211839,551011000
2024-04-29,87.72207641601562,87.95697586955025,85.23206289442511,87.56013832970822,388971000
2024-04-30,86.36762237548828,88.78366050463956,86.26566558321609,87.20528638548105,363709000
2024-05-01,83.00794982910156,85.96577177323404,81.22265755025684,85.04314260728708,559863000
2024-05-02,85.78285217285156,86.20268321187375,83.16688916320159,84.41539269757547,377898000
2024-05-03,88.75366973876953,89.24547072408387,87.00536516764065,87.75406766785412,398341000
2024-05-06,92.10333251953125,92.18330251406795,89.01956110232028,89.35442687478945,376203000
2024-05-07,90.51795959472656,91.74446861486086,88.97557445393352,91.06174179688814,437342000
2024-05-08,90.37602996826172,91.15771651229316,89.38442026659783,89.44739873915937,325721000
2024-05-09,88.71168518066406,91.03575690690285,88.19589167973308,90.49297372342349,378013000
2024-05-10,89.84223937988281,91.36463606067683,89.19149741137822,90.26907144547987,335325000
2024-05-13,90.36302947998047,90.96179014293932,88.49377086608031,90.44199279647063,289680000
2024-05-14,91.31965637207031,91.61453717454157,88.89861527885883,89.56335162049751,296507000
2024-05-15,94.59233856201172,94.82424849333687,91.56254653968536,92.4352002212208,417735000
2024-05-16,94.32144927978516,95.78086733108053,94.06554682786754,94.87223250076393,323952000
2024-05-17,92.44219207763672,94.70229384560606,91.76946339148994,94.33144692377931,359691000
2024-05-20,94.7422866821289,95.16211773763297,93.40282351656103,93.71269772995323,318764000
2024-05-21,95.3480453491211,95.36203971719499,93.14292188496431,93.56175387420163,328946000
2024-05-22,94.91221618652344,95.98179012668933,93.21189661689411,95.4210163390551,548648000
2024-05-23,103.7577133178711,106.27770658270121,101.47961292774401,101.98741408362092,835065000
2024-05-24,106.42664337158203,106.43263768991142,102.95902173434023,104.40744275224449,429494000
2024-05-28,113.85568237304688,114.89327138994341,109.83928330076252,110.200139728129,652728000
2024-05-29,114.77930450439453,115.44603890128045,110.85687001297053,113.00501693328442,557442000
2024-05-30,110.4560317993164,115.77291560119305,109.61936685687397,114.60438203017335,484553000
2024-05-31,109.58937072753906,112.67214296964278,106.89744171332165,112.47521514996863,613263000
2024-06-03,114.9542465209961,114.9542465209961,111.95843724915099,113.57579736127923,438392000
2024-06-04,116.39067077636719,116.55360793846174,113.99962416702796,115.66996458903934,403324000
2024-06-05,122.39128875732422,122.40028023472522,117.42126678323147,118.3239073958075,528402000
2024-06-06,120.94985961914062,125.53703068197429,118.27292371185669,123.99864153970435,664696000
2024-06-07,120.83990478515625,121.64358576516749,117.97504771750542,119.72234574158271,412386000
2024-06-10,121.74153900146484,123.05101529403815,116.9634422493321,120.32210586929361,313434100
2024-06-11,120.87181854248047,122.8311986310285,118.7024980632085,121.73153992527472,222551200
2024-06-12,125.16046905517578,126.83993895400945,122.5313021392397,123.021145301862,299595000
2024-06-13,129.56907653808594,129.75901898663975,127.11985317098477,129.34914478228376,260704500
2024-06-14,131.83836364746094,132.79805198433587,128.27949016143847,129.91897171973997,309320400
2024-06-17,130.9386444091797,133.68777621457593,129.53909250074847,132.94801960039305,288504400
2024-06-18,135.5371856689453,136.28694881895896,130.64873054101508,131.0985853802292,294335100
2024-06-20,130.73870849609375,140.71555330717922,129.47911179878915,139.75586494370089,517768400
2024-06-21,126.53002166748047,130.58874447418714,124.2607420188684,127.07985099689417,649445800
2024-06-24,118.07270050048828,124.42069359285091,118.00272291214357,123.20107765857003,476060900
2024-06-25,126.05018615722656,126.46006036957517,119.2823269937167,121.16173067879078,414192600
2024-06-26,126.3600845336914,128.07953495276965,122.56128151904039,126.09016552830566,362975900
2024-06-27,123.95083618164062,126.37007763205357,122.88117444139863,124.06080204879507,252571700
2024-06-28,123.50099182128906,127.66967326811732,122.71124035711297,124.5406643452556,315516700
2024-07-01,124.26075744628906,124.80058023875378,118.79248328515592,123.43101767415311,284885500
2024-07-02,122.63125610351562,123.37102788557134,120.99177466417784,121.09174155643306,218374000
2024-07-03,128.23948669433594,128.23948669433594,121.32167392885506,121.62158223669927,215749000
2024-07-05,125.7902603149414,128.8093107644133,125.64030616479143,127.33976619453144,214176700
2024-07-08,128.1595001220703,130.72869561210538,126.99987051805138,127.44972531770834,237677300
2024-07-09,131.33851623535156,133.77774814549483,128.60936736242857,130.30884272059,285366600
2024-07-10,134.86740112304688,135.0573435645553,132.37818193596397,133.98767413246904,248978600
2024-07-11,127.35977172851562,136.10700106603016,127.00988377533271,135.70713347781276,374782700
2024-07-12,129.19920349121094,131.87835007397342,127.17983694866928,128.2195019014201,252680500
2024-07-15,128.39944458007812,131.34850999947517,127.13984031827107,130.5187702604364,208326200
2024-07-16,126.32009887695312,128.9992452694743,124.54066218246471,128.399443888776,214769500
2024-07-17,117.9527359008789,121.81151749943197,116.68314033051901,121.31167540248971,390086200
2024-07-18,121.0517578125,122.36134931919207,116.52318954339042,121.81151995069708,320979500
2024-07-19,117.89275360107422,121.5615926473578,117.33293291065064,120.31198744410169,217223800
2024-07-22,123.50099182128906,124.03082324772716,119.82215351609416,120.31199665772752,258068900
2024-07-23,122.55127716064453,124.65061999218881,122.06143405921047,122.74121959113289,173911000
2024-07-24,114.21391296386719,119.91210950952006,113.404171251323,119.13235710085017,327776900
2024-07-25,112.2445297241211,116.59315404133473,106.2664230667701,113.00429177700639,460067000
2024-07-26,113.0242919921875,116.16329973616865,111.54476366325866,116.15330838570574,293399100
2024-07-29,111.55475616455078,116.24327750097967,111.26485445843416,113.65409908515099,248152100
2024-07-30,103.6972427368164,111.95462852357666,102.50761612898444,111.48477574142504,486833300
2024-07-31,116.9830322265625,118.3026149583043,110.84497234726514,112.86433853836043,473174200
2024-08-01,109.1755142211914,120.12206115379604,106.77627053548454,117.49288673851923,523462300
2024-08-02,107.23612213134766,108.6856688158307,101.33799137850681,103.72723603649806,482027500
2024-08-05,100.41827392578125,103.37734584261189,90.66136171396138,92.03092417423306,552842400
2024-08-06,104.21707153320312,107.67597774031395,100.51824326819028,103.80719737509351,409012100
2024-08-07,98.87876892089844,108.76564515252367,98.65883717427215,107.7759522927054,411440400
2024-08-08,104.93685150146484,105.4666829061735,97.48919964896103,101.96778821260376,391910000
2024-08-09,104.7169189453125,106.5663331721716,103.39733611905241,105.60663726461745,290844200
2024-08-12,108.9855728149414,111.03492856386595,106.22644979571741,106.28642840966148,325559900
2024-08-13,116.10331726074219,116.19329280080893,111.54475995028979,112.4044889345572,312646700
2024-08-14,118.04270935058594,118.56254176631195,114.03397366865786,118.49256417906065,339246400
2024-08-15,122.82120513916016,123.20108240094191,117.43290774825016,118.722501320516,318086700
2024-08-16,124.5406494140625,124.96051491369623,121.14172188301305,121.901483949244,302589900
2024-08-19,129.9589385986328,129.9589385986328,123.38101510677953,124.24074407997541,318333600
2024-08-20,127.2098159790039,129.83899033787588,125.85024484050366,128.3594467212338,300087400
2024-08-21,128.45941162109375,129.30914923924126,126.6199964697288,127.279784034202,257883600
2024-08-22,123.70092010498047,130.70870844472378,123.06112283059149,129.97894325377314,376189100
2024-08-23,129.32913208007812,129.5590704147264,125.18044900805843,125.8202462463596,323230300
2024-08-26,126.42005920410156,131.21853864319473,124.33072295006603,129.52908520948145,331964700
2024-08-27,128.25949096679688,129.15920068067538,123.84088083210607,125.01051718872198,303134600
2024-08-28,125.5703353881836,128.28947768481862,122.60127203673997,128.07953728703234,448101100
2024-08-29,117.5528564453125,124.3907000501477,116.67313713223366,121.32166999102746,453023300
2024-08-30,119.33230590820312,121.71155156264531,117.18298334905096,119.49225141445028,333751600
2024-09-03,107.96588897705078,116.17329499238285,107.25611414068058,115.97336121173781,477155100
2024-09-04,106.17645263671875,113.23422029378455,104.08711642455602,105.37670989305681,372470300
2024-09-05,107.17613983154297,109.61537166703076,104.7269166457022,104.9568397355808,306850700
2024-09-06,102.79752349853516,108.11584289854254,100.91811240569285,108.00587703132368,413638100
2024-09-09,106.4363784790039,106.51635504584455,103.65725761066608,104.84687662773341,273912000
2024-09-10,108.06585693359375,109.36544940156337,104.91685028196345,107.77594760990868,268283700
2024-09-11,116.87307739257812,117.15298773367408,107.38606933752642,109.35544832921772,441422400
2024-09-12,119.11256408691406,120.76218565399151,115.35342779588602,116.81309067491064,366052700
2024-09-13,119.07257080078125,119.93237336061968,117.57291623747761,119.0525787627644,238358300
2024-09-16,116.75310516357422,118.15278427890816,114.33366430325611,116.76310499638278,248772300
2024-09-17,115.5633773803711,118.77264486908852,114.80355789094266,118.14278506866847,231925900
2024-09-18,113.34388732910156,117.67288409225483,113.19392035691743,115.86330347677422,310318900
2024-09-19,117.84285736083984,119.63244604030882,117.22299740049117,117.32297284502805,293506400
2024-09-20,115.9732894897461,118.59268894658479,115.36342933997693,117.03304297010142,382462400
2024-09-23,116.23323059082031,116.96305822001592,114.83355144756428,116.52316472695202,206228500
2024-09-24,120.84217071533203,121.77195687475644,115.35342937374385,116.49316626237535,354966800
2024-09-25,123.48155975341797,124.91123075234002,121.58199576757475,121.99189738474502,284692900
2024-09-26,124.01143646240234,127.64059778478497,121.77195443476235,126.77080301373226,302582900
2024-09-27,121.3720474243164,124.00143908292871,119.23254080039722,123.94145533963831,271009200
2024-09-30,121.41203308105469,121.47201682135709,118.12278989954673,118.28274908289889,226553700
2024-10-01,116.97306060791016,122.4118104821477,115.76334012719617,121.7419589534566,302094500
2024-10-02,118.82262420654297,119.3525009132392,115.11347963203208,116.41318325903728,221845900
2024-10-03,122.82170867919922,124.33136309340041,120.31228454416183,120.89215281287986,277118000
2024-10-04,124.89122772216797,125.01120283080023,121.80194304435166,124.91122738742537,243678100
2024-10-07,127.69058990478516,130.60991565760295,124.92122350791122,124.96121521204213,346250200
2024-10-08,132.85939025878906,133.4492507002601,129.39018829854146,130.22999115642648,285722500
2024-10-09,132.6194305419922,134.4890100563581,131.349734141409,134.0791008615525,246191600
2024-10-10,134.77894592285156,134.9689045997989,130.96982594499002,131.87962000022492,242311300
2024-10-11,134.7689666748047,135.74873676795113,133.6292297588208,133.97914002159231,170209500
2024-10-14,138.03822326660156,139.5678698363904,136.26862645350758,136.43858548845338,232347700
2024-10-15,131.5697021484375,138.53809836462625,128.7103601195905,137.8382473516489,377831000
2024-10-16,135.68873596191406,136.58852253050404,131.5496902869071,133.94913130666296,264879700
2024-10-17,136.89846801757812,140.8575630403271,136.83848427190068,139.30791683746315,306435900
2024-10-18,137.9682159423828,138.86800255294065,137.24838055182667,138.63805979784692,176090200
2024-10-21,143.67691040039062,143.67691040039062,137.96821869705386,138.09819363983328,264554500
2024-10-22,143.55694580078125,144.3867565878425,141.74736485471627,142.8771096409394,226311600
2024-10-23,139.52786254882812,142.3971968224879,137.42835524686083,141.99729502838238,285930000
2024-10-24,140.37767028808594,141.31745626734755,138.4281223817854,140.78757953525755,172354900
2024-10-25,141.5074005126953,144.096815700832,140.76758067774944,140.89754036873228,205122100
2024-10-28,140.48765563964844,143.1070476166606,140.01776261632966,142.96708045579604,173586700
2024-10-29,141.21746826171875,142.22723015349655,138.86800339560858,140.25768265006158,157593600
2024-10-30,139.3079071044922,140.29768460484607,136.778490969974,139.50785799453917,179418100
2024-10-31,132.72943115234375,137.57832071125284,132.07958689426476,137.5683285053032,270039600
2024-11-01,135.3688201904297,137.27838410441936,134.5390247094388,134.66898440540822,207127800
2024-11-04,136.0186767578125,138.9280103748792,135.53879155204424,137.17841332242185,187528200
2024-11-05,139.87777709960938,140.33766260126754,137.29836954050154,137.41833701827767,160537400
2024-11-06,145.5764617919922,146.45626398045817,141.9273086103062,142.92707827709958,242043900
2024-11-07,148.84573364257812,148.8957099286715,146.1363507552026,146.35630133300918,207323300
2024-11-08,147.5959930419922,149.73549940640058,146.226298296804,148.73572979209249,175665800
2024-11-11,145.22653198242188,148.81571657335158,143.536934110279,148.64574231041613,182325600
2024-11-12,148.25582885742188,149.61551613817602,145.97635536546252,146.74618223717314,198634700
2024-11-13,146.23631286621094,149.29560559389023,145.8663877173454,149.03567097343083,191903300
2024-11-14,146.72618103027344,148.96567042657134,145.51646835701078,147.6059831601179,194463300
2024-11-15,141.94729614257812,145.20655509140138,140.04773983599173,144.83662993296312,250132900
2024-11-18,140.11770629882812,141.51739292157006,137.11839743544738,139.46786214720512,221205300
2024-11-19,146.97613525390625,147.0961179891657,140.9575327604593,141.28745858569204,227834900
2024-11-20,145.8563995361328,147.52601308862683,142.69712365290204,147.37605373716247,309871700
2024-11-21,146.63623046875,152.85479966423284,140.6676037159947,149.3156213875326,400946600
2024-11-22,141.91729736328125,147.1261039006014,141.06750232234785,145.89637625946256,236406200
2024-11-25,135.98867797851562,142.01728800977313,135.78872709087477,141.95730426900835,344941900
2024-11-26,136.8884735107422,139.2679304177918,135.6387613125482,137.66829270199315,190287700
2024-11-27,135.30882263183594,137.1883944813901,131.7696447344509,134.97889681216265,226370900
2024-11-29,138.21817016601562,139.3179230108574,136.018679731608,136.74850738939793,141863200
2024-12-02,138.5980682373047,140.41764102523763,137.7882572804853,138.79801911159885,171682800
2024-12-03,140.2277069091797,140.50764123326277,137.91824110785586,138.22816730557096,164414000
2024-12-04,145.10658264160156,145.75642688476938,140.25769319395386,141.9673061992379,231224300
2024-12-05,145.03659057617188,146.51634749056768,143.9267690762933,145.08658555940238,172621200
2024-12-06,142.41700744628906,145.67647567148725,141.2871849873485,144.57666240527564,188505600
2024-12-09,138.78758239746094,139.92739769900004,137.10786100838232,138.9475602220375,189308600
2024-12-10,135.04820251464844,141.79711283924593,133.76839511357173,138.9875536517665,210020900
2024-12-11,139.28750610351562,140.14736786765778,135.1881771980721,137.3378239802647,184905200
2024-12-12,137.3178253173828,138.41765384511186,135.77808063488797,137.05787278188586,159211400
2024-12-13,134.22833251953125,139.5774751507731,132.51860179476702,138.91757801094644,231514900
2024-12-16,131.9786834716797,134.3782897959075,130.39893679330513,134.1583241029487,237951100
2024-12-17,130.36895751953125,131.56876081657285,126.83952839876781,129.06916425760008,259410300
2024-12-18,128.88919067382812,136.6779262372523,128.25928750759206,133.83838842708505,277444500
2024-12-19,130.6588897705078,134.00835489709178,129.52908262326224,131.73871719708123,209719200
2024-12-20,134.67825317382812,135.2581613788304,128.19930347129645,129.78904314606552,306528600
2024-12-23,139.64744567871094,139.7674214203078,135.098177315152,136.25799367167244,176053500
2024-12-24,140.19737243652344,141.8770939941236,138.6276184809867,139.97740671974344,105157000
2024-12-26,139.90740966796875,140.8272746166671,137.70776777261636,139.67745105895742,116205600
2024-12-27,136.98788452148438,138.99756992182031,134.68826788900355,138.52764454755555,170582600
2024-12-30,137.46780395507812,140.24735382720857,133.9983630613892,134.80822982362736,167734700
2024-12-31,134.26832580566406,138.0477299443946,133.80840856948805,138.0077278547889,155659200
2025-01-02,138.2876739501953,138.85758927368732,134.608275235204,135.97804923146714,198247200
2025-01-03,144.44668579101562,144.87660907201655,139.70744526818353,139.9873988596089,229322500
2025-01-06,149.40586853027344,152.13543878056797,147.79614309655065,148.5660078023331,265377400
2025-01-07,140.11737060546875,153.1052785673635,139.9873867148958,153.00528861210353,351782200
2025-01-08,140.08738708496094,143.92676365371082,137.53779559953318,142.55698965149892,227349900
2025-01-10,135.88807678222656,139.89742434133598,134.1983469953677,137.42782161536184,207602500
2025-01-13,133.20849609375,133.46846390099535,129.4890951782822,129.96902870412282,204808900
2025-01-14,131.7387237548828,136.357988296776,130.02900835327767,136.02803973976037,195590500
2025-01-15,136.218017578125,136.42797514246556,131.26880425867054,133.6284239860889,185217300
2025-01-16,133.54844665527344,138.72760318445665,133.46845773799356,138.61762033023757,209235600
2025-01-17,137.68777465820312,138.47764040694682,135.43813790068955,136.6679350563591,201188800
2025-01-21,140.80726623535156,141.80710479535009,137.06786452867982,139.1375376709131,197749000
2025-01-22,147.04627990722656,147.76614971080585,143.64681928959496,144.63666506104835,237651400
2025-01-23,147.1962432861328,147.20623618008437,143.6968081059284,145.02659530516527,155915500
2025-01-24,142.5969696044922,148.9459505211395,141.8570988390214,148.34604128656673,234657600
2025-01-27,118.40087890625,128.3792633336458,116.68115538488553,124.77985371820253,818830900
2025-01-28,128.9691925048828,128.97918539907013,116.23124265613879,121.79034308969104,579666400
2025-01-29,123.6800308227539,126.86951837337095,120.03062606319732,126.47958193260648,467120600
2025-01-30,124.6298828125,124.97982479629701,118.08093694190879,123.08012993376066,392925500
2025-01-31,120.05062103271484,127.82936416140842,119.17076580619347,123.7600213429819,388161100
2025-02-03,116.64117431640625,118.55086206886682,112.99176191394916,114.73147893578255,371235700
2025-02-04,118.63085174560547,121.18043560579926,116.6811618932845,116.94112206589325,256550000
2025-02-05,124.80985260009766,124.97982332906605,120.74050985762979,121.74034844426231,262230800
2025-02-06,128.65921020507812,128.74920726442895,125.18977703531333,127.39941919373811,251483600
2025-02-07,129.81903076171875,130.34894396083934,124.97981594966575,129.19913575663247,228186300
2025-02-10,133.54844665527344,134.97820850379568,129.93902876577076,130.0689974070653,216989100
2025-02-11,132.77857971191406,134.45830137072844,130.99886808260132,132.5586139818797,178902400
2025-02-12,131.11883544921875,132.21866402899062,129.0591703419428,129.9990210816885,160278600
2025-02-13,135.26815795898438,136.477969382041,131.1488277944593,131.5387642395835,197430000
2025-02-14,138.8275909423828,139.22752026611062,135.4781256449407,136.45796316750187,195479600
2025-02-18,139.37750244140625,143.41685915221993,137.90773839766058,141.2472111010542,219176600
2025-02-19,139.20751953125,141.33718056281413,137.1978495021305,139.48747310974449,167536000
2025-02-20,140.08738708496094,140.637301367124,136.7679156045049,140.0073981660712,143903600
2025-02-21,134.40829467773438,141.4371740194045,134.00836534323213,140.0173897923713,228217600
2025-02-24,130.25897216796875,138.56762852998253,130.0590074983429,136.53795738344377,251381100
2025-02-25,126.60956573486328,130.17898941676333,124.41992427451078,129.95902369285497,271428700
2025-02-26,131.25881958007812,133.70842127410083,128.4692763992483,129.96903440656757,322553800
2025-02-27,120.130615234375,134.98821054448712,119.9906384337315,134.97821765027223,443175800
2025-02-28,124.89983367919922,125.06980440717122,116.38121232741895,118.00094594624423,389091100
2025-03-03,114.04158782958984,123.68003128569312,112.26187634904674,123.49006713958599,411381400
2025-03-04,115.97127532958984,119.29073912641502,110.09222719636827,110.63214094760745,398163300
2025-03-05,117.28106689453125,118.26090441787001,114.49151637878758,117.56102047262804,284337900
2025-03-06,110.55215454101562,115.33138186500223,110.20221255397621,113.51167590423404,321181900
2025-03-07,112.67181396484375,113.46168737204893,107.54263707893918,111.232043943795,341755500
2025-03-10,106.96273040771484,111.83193921740828,105.44297155454524,109.88225711490554,366487400
2025-03-11,108.74244689941406,112.2218809117277,104.75308544348755,106.97272832797886,354865700
2025-03-12,115.73196411132812,116.75189758318456,112.87216201952944,114.1120814413496,323857500
2025-03-13,115.57197570800781,117.75182462929007,113.7820990939805,117.02187196535417,299033100
2025-03-14,121.66155242919922,121.87153693655638,118.1418001271865,118.6017672807591,277593500
2025-03-17,119.52169799804688,122.88146527258023,118.02180216580395,122.73147416358299,255501500
2025-03-18,115.42198181152344,119.01172876569431,114.53204424682897,117.99180297800854,299686900
2025-03-19,117.51183319091797,120.44162996547794,115.67196466720779,117.26185055700965,273426200
2025-03-20,118.52176666259766,120.19164884723557,116.46191217445423,116.54190844924116,248829700
2025-03-21,117.69182586669922,117.98180664950618,115.41198537165405,116.93188412092742,266498500
2025-03-24,121.40157318115234,122.21151449504808,119.33170959432591,119.87167301321132,228452500
2025-03-25,120.68162536621094,121.28158219452679,118.9117439494844,120.5416356938994,167447200
2025-03-26,113.75210571289062,118.83174729689935,112.70217554499752,118.72176195088541,293463300
2025-03-27,111.4222640991211,114.4420510740887,110.6523209143036,111.34226782232153,236902100
2025-03-28,109.66238403320312,112.86216644188174,109.06242721559616,111.48225736963437,229872500
2025-03-31,108.37247467041016,110.95229742526604,103.642807248706,105.12270025073305,299212700
2025-04-01,110.14234924316406,110.19234119227177,106.46260459302538,108.51245759918966,222614000
2025-04-02,110.4123306274414,111.97222748899677,106.78258544027105,107.28255072037597,220601200
2025-04-03,101.79293060302734,105.62265871984647,101.59293992049946,103.50281088710224,338769400
2025-04-04,94.30345153808594,100.12304726897904,92.10360729078229,98.90313835695446,532273800
2025-04-07,97.63321685791016,101.7429319683666,86.61398571543218,87.45392370324234,611041300
2025-04-08,96.29331970214844,105.84265234199715,94.45344343361101,103.80279300527448,476243400
2025-04-09,114.32205963134766,115.0920027848049,97.52322363090776,98.88312976565122,612918300
2025-04-10,107.56253051757812,110.85230299023063,99.14311699545735,109.36240858521514,437812400
2025-04-11,110.92229461669922,111.54225429514813,107.47253732050476,108.49246311009279,313417300
2025-04-14,110.70230865478516,114.282061802319,109.06242318709587,114.10207400079875,264705000
2025-04-15,112.19220733642578,113.61211454925541,110.49232841239639,110.96229700273265,228966900
2025-04-16,104.48274230957031,106.78258565420647,100.44302192276541,104.54274333093115,397016900
2025-04-17,101.48294830322266,104.46274466720584,100.04305351417702,104.44274178425454,292517500
2025-04-21,96.90327453613281,99.43309764026857,95.03340163666236,98.76313836502491,288501100
2025-04-22,98.88313293457031,99.80306722318255,97.2732441150665,98.77313996214224,241004800
2025-04-23,102.70286560058594,104.79272441151089,102.01291108169299,104.51273745001276,247526000
2025-04-24,106.422607421875,106.53260039132012,103.10283834219908,103.47281538750215,220815000
2025-04-25,111.0022964477539,111.9122293136747,105.72266417620379,106.84258154964476,251064700
2025-04-28,108.72245025634766,110.36233572086073,106.01263179735646,109.68238265297498,207708500
2025-04-29,109.0124282836914,110.19234667117642,107.43254376799985,107.66252352883211,170444300
2025-04-30,108.91243743896484,108.91243743896484,104.07277707156662,104.46274938923446,235044600
2025-05-01,111.60224914550781,114.93201970345093,111.29227311666197,113.07214827264656,236121500
2025-05-02,114.49205017089844,115.39198920893173,113.36213137411846,114.17207269391602,190194800
2025-05-05,113.81209564208984,114.6620350893898,112.65218016349414,112.90216280263321,133163200
2025-05-06,113.53211975097656,114.73203340369881,110.81230733401684,111.47226518321953,158525600
2025-05-07,117.05187225341797,117.67183196470502,112.27220526080853,113.04215608614977,206758800
2025-05-08,117.36185455322266,118.67176116768113,115.84195580422112,118.24179071447391,198428100
2025-05-09,116.64189910888672,118.2217911942619,115.20199668891294,117.34184743589364,132972200
2025-05-12,122.99146270751953,122.99146270751953,120.27165027906005,121.96153541928634,225023300
2025-05-13,129.9209747314453,131.21089374180312,124.46136223351174,124.97132897244262,330430100
2025-05-14,135.33059692382812,135.43059608188196,131.67084745036084,133.19074615794872,281180800
2025-05-15,134.8206329345703,136.29053200968949,132.65078555171073,134.2806619130786,226632600
2025-05-16,135.39059448242188,136.34054073998118,133.45074197294815,136.21054488205627,226542500
2025-05-19,135.5605926513672,135.86055961165334,132.38080555276906,132.38080555276906,193154600
2025-05-20,134.37066650390625,134.5706495538956,132.610779045451,134.28066116234166,161514200
2025-05-21,131.7908477783203,137.39044962876582,130.58092511560693,133.0507547616815,270608700
2025-05-22,132.82078552246094,134.2406851659139,131.54087555490528,132.22082104991222,187344000
2025-05-23,131.2808837890625,132.67078673422913,129.15104195341007,129.99098000853303,198821300
2025-05-27,135.49058532714844,135.65057787204648,133.300735049259,134.14067302338051,192953600
2025-05-28,134.80064392089844,137.24047706552236,134.7806410364111,136.0205604932104,304021100
2025-05-29,139.1803436279297,143.48004828952517,137.90043367160317,142.24012884407688,369241900
2025-05-30,135.12062072753906,139.61029915281162,132.91076748843994,138.7103677567503,333170900
2025-06-02,137.37046813964844,138.11040700485356,135.39059460313518,135.48059995132564,197663100
2025-06-03,141.21018981933594,141.9901344074345,137.94041273370485,138.77035689954903,225578800
2025-06-04,141.91014099121094,142.38010956756776,139.53030141372145,142.18012651028872,167120800
2025-06-05,139.98028564453125,143.99000172763624,138.82036252431462,142.16012695808664,231397900
2025-06-06,141.7101593017578,143.26005471165655,141.50016717206393,142.50009772583994,153986200
2025-06-09,142.62010192871094,144.98993249459744,141.9301473949137,143.18006060607402,185114500
2025-06-10,143.95001220703125,144.279975869788,141.52017297716907,142.68009610535242,155881900
2025-06-11,142.8300018310547,144.99000549316406,141.8699951171875,144.61000061035156,167694000
2025-06-12,145.0,145.0,141.85000610351562,141.97000122070312,162365000
2025-06-13,141.97000122070312,143.5800018310547,140.85000610351562,142.47999572753906,180820600
2025-06-16,144.69000244140625,146.17999267578125,143.1999969482422,143.35000610351562,183133700
2025-06-17,144.1199951171875,145.22000122070312,143.77999877929688,144.49000549316406,139108000
2025-06-18,145.47999572753906,145.64999389648438,143.1199951171875,144.00999450683594,161494100
2025-06-20,143.85000610351562,146.1999969482422,142.64999389648438,145.4499969482422,242956200
2025-06-23,144.1699981689453,144.77999877929688,142.02999877929688,142.5,154308900
2025-06-24,147.89999389648438,147.9600067138672,145.5,145.55999755859375,187566100
2025-06-25,154.30999755859375,154.4499969482422,149.25999450683594,149.27000427246094,269146500
2025-06-26,155.02000427246094,156.72000122070312,154.0,155.97999572753906,198145700
2025-06-27,157.75,158.7100067138672,155.25999450683594,156.0399932861328,263234500
2025-06-30,157.99000549316406,158.66000366210938,155.9600067138672,158.39999389648438,194580300
2025-07-01,153.3000030517578,157.1999969482422,151.49000549316406,156.2899932861328,213143600
2025-07-02,157.25,157.60000610351562,152.97000122070312,152.97999572753906,171224100
2025-07-03,159.33999633789062,160.97999572753906,157.77000427246094,158.3699951171875,143716100
2025-07-07,158.24000549316406,159.30999755859375,157.33999633789062,158.1999969482422,140139000
2025-07-08,160.0,160.22000122070312,158.38999938964844,159.3300018310547,138133000
2025-07-09,162.8800048828125,164.4199981689453,161.16000366210938,161.22000122070312,183656400
2025-07-10,164.10000610351562,164.5,161.61000061035156,164.32000732421875,167704100
2025-07-11,164.9199981689453,167.88999938964844,163.47000122070312,163.72000122070312,193633300
2025-07-14,164.07000732421875,165.49000549316406,162.02000427246094,165.3699951171875,136975800
2025-07-15,170.6999969482422,172.39999389648438,169.1999969482422,171.19000244140625,230627400
2025-07-16,171.3699951171875,171.75,168.89999389648438,171.05999755859375,158831500
2025-07-17,173.0,174.16000366210938,170.8300018310547,172.02000427246094,160841100
2025-07-18,172.41000366210938,174.25,171.25999450683594,173.63999938964844,146456400
2025-07-21,171.3800048828125,173.3800048828125,171.0,172.75,123126100
2025-07-22,167.02999877929688,171.38999938964844,164.5800018310547,171.33999633789062,193114300
2025-07-23,170.77999877929688,171.25999450683594,167.97000122070312,169.52999877929688,154082200
2025-07-24,173.74000549316406,173.8300018310547,171.3000030517578,172.44000244140625,128984600
2025-07-25,173.5,174.72000122070312,172.9600067138672,173.61000061035156,122316800
2025-07-28,176.75,177.0,173.97000122070312,174.02000427246094,140023500
2025-07-29,175.50999450683594,179.3800048828125,175.02000427246094,177.9600067138672,154077500
2025-07-30,179.27000427246094,179.88999938964844,176.0399932861328,176.50999450683594,174312200
2025-07-31,177.8699951171875,183.3000030517578,175.92999267578125,182.89999389648438,221685400
2025-08-01,173.72000122070312,176.5399932861328,170.88999938964844,174.08999633789062,204529000
2025-08-04,180.0,180.1999969482422,174.52000427246094,175.16000366210938,148174600
2025-08-05,178.25999450683594,180.25999450683594,175.89999389648438,179.6199951171875,156407600
2025-08-06,179.4199981689453,179.89999389648438,176.25,176.3300018310547,137192300
2025-08-07,180.77000427246094,183.8800048828125,178.8000030517578,181.57000732421875,151878400
2025-08-08,182.6999969482422,183.3000030517578,180.39999389648438,181.5500030517578,123396700
